"","Actual_From","Actual_To","Weight"
"4",14,1239,0.673729924430074
"8",15,1239,0.668791670983306
"34",22,999,0.980303622930524
"35",22,1000,1
"38",24,999,0.997258578778227
"39",24,1000,1
"40",25,999,1
"41",25,1000,0.995822885864205
"42",26,999,1
"43",26,1000,0.997391092095423
"44",28,147,0.588815648094944
"45",28,953,0.969032285881437
"47",29,147,0.589700692248872
"48",29,953,0.953682417455569
"50",30,466,1
"65",34,466,1
"69",35,466,1
"107",41,1040,1
"271",50,259,1
"272",50,381,0.981310319330934
"273",50,410,0.98205091823206
"274",50,411,0.996766623893402
"276",50,420,0.997906132725033
"277",50,422,0.959216225373262
"278",50,546,0.982535055718991
"282",51,259,0.992710460185338
"283",51,381,0.980716169317112
"284",51,410,0.976982295833225
"285",51,411,1
"287",51,420,0.990645359973791
"288",51,422,0.959509594834511
"289",51,546,0.990057704537173
"294",53,390,1
"295",53,893,1
"296",53,894,1
"297",53,1300,1
"298",53,1301,1
"299",53,1353,1
"327",58,707,1
"328",58,708,0.981103660857752
"346",65,50,0.76880632659246
"347",65,51,0.743931416171033
"366",65,883,0.996084616596034
"456",73,74,1
"467",85,655,0.999514134686457
"468",85,656,0.998607446451085
"469",85,657,0.923204211347232
"470",85,658,0.997975781397413
"471",85,659,1
"472",86,655,0.977967621036831
"473",86,656,1
"474",86,657,0.920409434582898
"475",86,658,0.997053648410342
"476",86,659,0.998842174993982
"477",87,655,0.990474055314124
"478",87,656,0.999417969001141
"479",87,657,0.92042145272569
"480",87,658,0.998051570647156
"481",87,659,1
"482",88,655,0.99812636101365
"483",88,656,0.997285474927132
"484",88,657,0.92664248766538
"485",88,658,0.999548425495228
"486",88,659,1
"487",89,655,1
"488",89,656,0.997973142110108
"489",89,657,0.918890070719073
"490",89,658,0.99648094221337
"491",89,659,0.997878093689899
"492",90,655,1
"493",90,656,0.980871536042637
"494",90,657,0.908279067455809
"495",90,658,0.98146183662664
"496",90,659,0.981252472233458
"497",91,655,1
"498",91,656,0.992087762291914
"499",91,657,0.918864098770186
"500",91,658,0.991809563292336
"501",91,659,0.991929444817148
"502",92,655,0.991536938549004
"503",92,656,0.998510025349955
"504",92,657,0.920151500577496
"505",92,658,0.999693921909905
"506",92,659,1
"507",93,655,1
"508",93,656,0.992016973172736
"509",93,657,0.916271697710365
"510",93,658,0.990996882337693
"511",93,659,0.992482732994853
"512",94,655,0.991554218159627
"513",94,656,0.999644740625288
"514",94,657,0.92327705763646
"515",94,658,0.99950793224918
"516",94,659,1
"587",112,568,1
"633",127,707,1
"634",127,708,0.98161833211668
"773",144,22,0.314118158646841
"775",144,24,0.319661161618175
"776",144,25,0.321838776188363
"777",144,26,0.318004167121738
"792",145,22,0.304199703092191
"794",145,24,0.322534446519294
"795",145,25,0.308668344465281
"796",145,26,0.307366196196467
"836",151,155,1
"859",155,497,0.728307362123353
"861",155,564,0.720890310646605
"872",158,497,1
"873",159,497,1
"884",163,164,1
"885",163,775,0.657521917186275
"886",163,1151,0.652471650666667
"887",163,1152,0.665561378931373
"888",163,1365,0.682270848058824
"889",163,1366,0.683392245441177
"895",168,179,0.816858757255598
"896",168,180,0.835733899463602
"897",168,181,0.808443914203574
"898",168,182,0.844026946961707
"899",168,183,0.846476682764243
"900",168,184,0.827305094935132
"901",168,185,0.82696603121115
"902",168,186,0.823707570479751
"903",168,187,0.827674102407221
"904",168,188,0.836220603565743
"905",168,284,0.999212377619369
"908",168,292,0.984371236900643
"910",168,294,0.997213023858619
"911",168,295,0.996816246938199
"912",169,179,0.931648520861747
"913",169,180,0.954213181294572
"914",169,181,0.933319430931417
"915",169,182,0.954576972643682
"916",169,183,0.966600543209756
"917",169,184,0.946174557491034
"918",169,185,0.936307967438463
"919",169,186,0.942729280015672
"920",169,187,0.943752917683471
"921",169,188,0.957319959962468
"922",169,284,0.995566157222214
"925",169,292,0.990471102300629
"927",169,294,0.991959634019055
"928",169,295,0.996407027870988
"929",170,179,0.969783483261005
"930",170,180,0.966480920597058
"931",170,181,0.958137767331954
"932",170,182,0.970232784078306
"933",170,183,0.966354328512648
"934",170,184,0.957521609642526
"935",170,185,0.951231351384502
"936",170,186,0.974625976491011
"937",170,187,0.957380634706898
"938",170,188,0.961462184931284
"939",170,284,0.99973729676446
"942",170,292,0.963841066905442
"944",170,294,0.99208184904734
"945",170,295,1
"946",171,179,0.880465805085878
"947",171,180,0.885203450562221
"948",171,181,0.863695025371515
"949",171,182,0.880118299830445
"950",171,183,0.893211641006011
"951",171,184,0.882470524301346
"952",171,185,0.875977067490582
"953",171,186,0.875195050879035
"954",171,187,0.879849534765452
"955",171,188,0.874826608008577
"956",171,284,1
"959",171,292,0.985776043956388
"961",171,294,0.99763940156094
"962",171,295,0.996015427330552
"963",172,179,0.944443151094474
"964",172,180,0.979171707931751
"965",172,181,0.946152892961184
"966",172,182,0.97653239100806
"967",172,183,0.977740884935263
"968",172,184,0.968276559231595
"969",172,185,0.951587329209471
"970",172,186,0.970249332440245
"971",172,187,0.968384374338743
"972",172,188,0.96275880577967
"973",172,284,1
"976",172,292,0.986166101419639
"978",172,294,0.993065145045605
"979",172,295,0.999124536300578
"980",173,179,0.888476293879485
"981",173,180,0.930601855665527
"982",173,181,0.905213894977627
"983",173,182,0.932472616857279
"984",173,183,0.930130607350437
"985",173,184,0.93047991970148
"986",173,185,0.896740404358346
"987",173,186,0.918943210957747
"988",173,187,0.923173026548567
"989",173,188,0.9239126551064
"990",173,284,0.998880101296309
"993",173,292,0.994523213620549
"995",173,294,0.995022556123891
"996",173,295,0.993347062116162
"1145",223,601,0.914946468760152
"1146",223,602,1
"1147",223,603,0.90881288514766
"1148",223,604,0.945629034398004
"1149",223,605,0.913980674093889
"1150",223,606,0.91561305012231
"1151",223,607,0.949468809049425
"1152",223,608,0.989571150288039
"1153",223,609,0.956696956433128
"1155",223,613,0.497840979504324
"1157",223,616,0.891811251974671
"1158",223,617,0.836152339482708
"1159",223,618,0.907111084618878
"1160",223,619,0.864940498507089
"1164",226,466,1
"1202",236,260,0.981386057238518
"1203",236,261,0.975132545526228
"1204",236,262,0.972710807792573
"1205",236,380,0.913303557512941
"1206",236,540,0.832922443811042
"1207",236,541,0.764763796795045
"1208",236,542,0.988793532768312
"1209",236,543,0.967616911492234
"1210",236,545,0.9978377367863
"1211",236,552,0.982330284793874
"1212",236,553,0.981108257805523
"1213",236,554,0.969869893578772
"1214",236,555,0.97569388500382
"1215",236,556,0.982228332437332
"1216",236,557,0.988253366257748
"1217",236,559,0.97238089566101
"1218",236,567,0.970269459767084
"1219",236,570,0.984108642255781
"1220",236,571,0.710722592990344
"1225",236,576,0.977784784324673
"1227",236,578,0.975521806056239
"1229",236,669,0.898898400339428
"1230",236,785,1
"1234",237,601,0.961244057993365
"1235",237,602,1
"1236",237,603,0.918060495402089
"1237",237,604,0.79562667494356
"1238",237,605,0.792453874884886
"1239",237,606,0.759878392520589
"1240",237,607,0.741609440610847
"1241",237,608,0.970780559734018
"1242",237,609,0.709378604682782
"1244",237,613,0.528066674251249
"1246",237,616,0.659417861769443
"1247",237,617,0.66725702998384
"1248",237,618,0.599388147564424
"1249",237,619,0.594561213972127
"1251",238,601,0.910381904892932
"1252",238,602,1
"1253",238,603,0.867586599722946
"1254",238,604,0.773912079453734
"1255",238,605,0.808700766165596
"1256",238,606,0.770465038201773
"1257",238,607,0.741360349553642
"1258",238,608,0.953106774054688
"1259",238,609,0.712618420332534
"1261",238,613,0.561181280766413
"1263",238,616,0.631752423963046
"1264",238,617,0.620293112404788
"1265",238,618,0.58894644159129
"1266",238,619,0.580163618531414
"1268",239,601,0.944291473092812
"1269",239,602,1
"1270",239,603,0.900939913919097
"1271",239,604,0.769317807493983
"1272",239,605,0.817140124187181
"1273",239,606,0.780910494343703
"1274",239,607,0.734912828627342
"1275",239,608,0.955387621055428
"1276",239,609,0.70847903861094
"1278",239,613,0.557463143905487
"1280",239,616,0.643203469956331
"1281",239,617,0.640226542246766
"1282",239,618,0.595537456685005
"1283",239,619,0.591216872969902
"1285",240,601,0.957189810610126
"1286",240,602,1
"1287",240,603,0.905890355843653
"1288",240,604,0.769845584509395
"1289",240,605,0.833410599735708
"1290",240,606,0.798945930591545
"1291",240,607,0.74122706063574
"1292",240,608,0.95430270046494
"1293",240,609,0.713163753761927
"1295",240,613,0.554948967358475
"1297",240,616,0.648233949255073
"1298",240,617,0.648903374226287
"1299",240,618,0.603466059634337
"1300",240,619,0.604781086231408
"1302",241,601,0.999118043746391
"1303",241,602,1
"1304",241,603,0.94389564183458
"1305",241,604,0.790448616406847
"1306",241,605,0.822838833714406
"1307",241,606,0.805623589881471
"1308",241,607,0.768395208926765
"1309",241,608,0.968621708994996
"1310",241,609,0.742475324416657
"1312",241,613,0.517181938757856
"1314",241,616,0.690834697618086
"1315",241,617,0.69655384781493
"1316",241,618,0.650888318903133
"1317",241,619,0.63584745917782
"1319",242,601,0.95239046338234
"1320",242,602,1
"1321",242,603,0.904634957479873
"1322",242,604,0.767369472814006
"1323",242,605,0.831285688487961
"1324",242,606,0.795924692869398
"1325",242,607,0.740875112254592
"1326",242,608,0.953034651531102
"1327",242,609,0.714304061518411
"1329",242,613,0.55288498654664
"1331",242,616,0.650537011975222
"1332",242,617,0.650314871891896
"1333",242,618,0.606636043662033
"1334",242,619,0.605154291957898
"1336",243,601,0.946023824386507
"1337",243,602,1
"1338",243,603,0.896051245722375
"1339",243,604,0.767130253684111
"1340",243,605,0.837286423571434
"1341",243,606,0.801540478610779
"1342",243,607,0.741884537163901
"1343",243,608,0.95129390994027
"1344",243,609,0.714025224812099
"1346",243,613,0.557676471915296
"1348",243,616,0.64497488722489
"1349",243,617,0.642671756823092
"1350",243,618,0.602682274667719
"1351",243,619,0.603984364769052
"1353",244,601,0.974001935140203
"1354",244,602,1
"1355",244,603,0.92391323905523
"1356",244,604,0.770625454343238
"1357",244,605,0.825601126809169
"1358",244,606,0.793647794493388
"1359",244,607,0.740263769228585
"1360",244,608,0.958496932006973
"1361",244,609,0.714307008245726
"1363",244,613,0.548571242877958
"1365",244,616,0.656240193126738
"1366",244,617,0.660115894757745
"1367",244,618,0.609951434587126
"1368",244,619,0.606683720405061
"1547",258,259,0.990727571511809
"1548",258,381,0.948471082159733
"1549",258,410,0.945026991828382
"1550",258,411,0.933848881759644
"1552",258,420,0.993644746641759
"1553",258,422,0.964577547096419
"1554",258,546,0.947985010711626
"1575",262,380,1
"1576",262,540,0.899899258924008
"1577",262,541,0.825167962229434
"1578",262,571,0.754764233325742
"1663",285,179,1
"1664",285,180,0.949463822503204
"1665",285,181,0.990711813481556
"1666",285,182,0.944066212767284
"1667",285,183,0.945272839574388
"1668",285,184,0.96426067192847
"1669",285,185,0.98085216645119
"1670",285,186,0.961575744023874
"1671",285,187,0.964468140420079
"1672",285,188,0.96604321868507
"1673",285,284,0.772470987464382
"1676",285,292,0.786162521967711
"1678",285,294,0.773711441623868
"1679",285,295,0.776829885467587
"1680",286,179,0.998925593124402
"1681",286,180,0.9676639387054
"1682",286,181,1
"1683",286,182,0.95838694731691
"1684",286,183,0.960760244577833
"1685",286,184,0.972614496070825
"1686",286,185,0.981616084256187
"1687",286,186,0.972989532462055
"1688",286,187,0.976109795867111
"1689",286,188,0.967328500670555
"1690",286,284,0.776819351521184
"1693",286,292,0.787502383777957
"1695",286,294,0.778179713507184
"1696",286,295,0.781402210842169
"1697",287,179,1
"1698",287,180,0.956826116641987
"1699",287,181,0.989518870548073
"1700",287,182,0.943753540957885
"1701",287,183,0.9400637806539
"1702",287,184,0.963025941034118
"1703",287,185,0.972708244255817
"1704",287,186,0.96903957377109
"1705",287,187,0.963082831639622
"1706",287,188,0.956682409332875
"1707",287,284,0.773155527097638
"1710",287,292,0.765814642645077
"1712",287,294,0.777015284755289
"1713",287,295,0.781565813599743
"1714",288,179,0.99663445604653
"1715",288,180,0.969355094233638
"1716",288,181,1
"1717",288,182,0.96698690602057
"1718",288,183,0.970232802683381
"1719",288,184,0.975634477880356
"1720",288,185,0.98531441805967
"1721",288,186,0.973700517805121
"1722",288,187,0.979990768585762
"1723",288,188,0.971190293146648
"1724",288,284,0.777360792113818
"1727",288,292,0.810311078931974
"1729",288,294,0.777988165541303
"1730",288,295,0.775759818513546
"1802",299,112,1
"1826",313,815,1
"1831",318,1124,0.883571858300649
"1832",318,1125,1
"1991",358,259,0.989422700937168
"1992",358,381,0.948253836650416
"1993",358,410,0.951316301418506
"1994",358,411,0.934860100381436
"1996",358,420,1
"1997",358,422,0.964419460726541
"1998",358,546,0.941981024444035
"2133",380,540,1
"2134",380,541,0.918653141060212
"2135",380,571,0.866827384596152
"2150",381,707,0.989206023734883
"2151",381,708,1
"2162",382,834,1
"2163",383,259,0.99411075756241
"2164",383,381,0.948325343773663
"2165",383,410,0.948826849910853
"2166",383,411,0.938824497812027
"2168",383,420,0.992970135339988
"2169",383,422,0.967855607729779
"2170",383,546,0.947981517704713
"2204",390,14,0.9981161571627
"2205",390,15,1
"2239",401,815,1
"2318",414,426,1
"2319",414,1124,0.103943673670589
"2320",414,1125,0.122762317775491
"2321",414,1126,0.0735568646588243
"2322",414,1127,0.103760616463726
"2338",421,259,0.988622219467535
"2339",421,381,0.939636510817977
"2340",421,410,0.934927073386676
"2341",421,411,0.936627956666193
"2343",421,420,0.977159844193139
"2344",421,422,0.95609904791763
"2345",421,546,0.94536761483309
"2362",424,601,0.974772057004426
"2363",424,602,1
"2364",424,603,0.928526238198951
"2365",424,604,0.779946953000225
"2366",424,605,0.813032795125033
"2367",424,606,0.78123470329328
"2368",424,607,0.737143560408237
"2369",424,608,0.966599890921587
"2370",424,609,0.711154621773983
"2372",424,613,0.54248639425144
"2374",424,616,0.655815352132117
"2375",424,617,0.661709642497455
"2376",424,618,0.604460571172166
"2377",424,619,0.599541669405533
"2384",426,414,1
"2386",426,1124,0.147963475704256
"2387",426,1125,0.164191037320418
"2388",426,1126,0.131889575101641
"2389",426,1127,0.182779182525188
"2611",450,467,1
"2616",456,35,1
"2617",456,409,1
"2618",456,450,1
"2619",456,502,1
"2620",456,503,1
"2621",456,1244,1
"2717",466,22,1
"2719",466,24,0.964308748532806
"2720",466,25,0.975155533074495
"2721",466,26,0.97715458179553
"2722",467,22,0.168700869213876
"2724",467,24,0.161202032075615
"2725",467,25,0.163702455186921
"2726",467,26,0.165379869533718
"3200",485,546,1
"3271",492,179,0.990647583626481
"3272",492,180,0.967337787671797
"3273",492,181,1
"3274",492,182,0.959747303577711
"3275",492,183,0.960587526001631
"3276",492,184,0.971478738952104
"3277",492,185,0.977015555878963
"3278",492,186,0.972142160448313
"3279",492,187,0.976231813462516
"3280",492,188,0.965253561764533
"3281",492,284,0.771714629937966
"3284",492,292,0.801334066671882
"3286",492,294,0.777615677837596
"3287",492,295,0.77744692476373
"3288",493,179,1
"3289",493,180,0.957681197035617
"3290",493,181,0.999673044709886
"3291",493,182,0.95120591375774
"3292",493,183,0.95198768728739
"3293",493,184,0.973574775704412
"3294",493,185,0.984289495254188
"3295",493,186,0.970329783649528
"3296",493,187,0.972548146387599
"3297",493,188,0.97221449416714
"3298",493,284,0.791778180238022
"3301",493,292,0.807801532751158
"3303",493,294,0.797886204402829
"3304",493,295,0.797717922875331
"3305",494,179,1
"3306",494,180,0.944066197759389
"3307",494,181,0.988468556682401
"3308",494,182,0.935608286026389
"3309",494,183,0.934140702277705
"3310",494,184,0.962265545374893
"3311",494,185,0.975704043805235
"3312",494,186,0.961285772667096
"3313",494,187,0.958748389741589
"3314",494,188,0.962440259596072
"3315",494,284,0.783198478359818
"3318",494,292,0.785074272055985
"3320",494,294,0.788217803781475
"3321",494,295,0.790199403443649
"3322",495,179,1
"3323",495,180,0.950137903714942
"3324",495,181,0.991010086341148
"3325",495,182,0.942152784770525
"3326",495,183,0.940613295718396
"3327",495,184,0.965000329025039
"3328",495,185,0.978710037259098
"3329",495,186,0.966658321928817
"3330",495,187,0.96167392002655
"3331",495,188,0.965284226177743
"3332",495,284,0.767660297407328
"3335",495,292,0.774637623285775
"3337",495,294,0.770371060278186
"3338",495,295,0.775259561710653
"3425",511,259,0.992821126421732
"3426",511,381,0.942478419242858
"3427",511,410,0.939972709586381
"3428",511,411,0.936924781143766
"3430",511,420,0.984199209942616
"3431",511,422,0.958252590393843
"3432",511,546,0.94490802675742
"3516",523,466,1
"3547",533,466,1
"3560",540,541,1
"3561",540,571,0.929936042846217
"3575",541,571,1
"3601",544,260,0.945688414925175
"3602",544,261,0.954429330822827
"3603",544,262,0.931609139702947
"3604",544,380,0.892951081943851
"3605",544,540,0.805720359661665
"3606",544,541,0.739214098528551
"3607",544,542,1
"3608",544,543,0.935697323068208
"3609",544,545,0.963083612794889
"3610",544,552,0.954205298571232
"3611",544,553,0.944055242417353
"3612",544,554,0.975134114394141
"3613",544,555,0.951641714896294
"3614",544,556,0.96256611189386
"3615",544,557,0.943601945300032
"3616",544,559,0.936385237925717
"3617",544,567,0.933605551407833
"3618",544,570,0.948392397544426
"3619",544,571,0.679698298948256
"3624",544,576,0.943830527422947
"3626",544,578,0.937382564498173
"3628",544,669,0.903575445949096
"3629",544,785,0.981982385789445
"3642",546,707,0.848037848394326
"3643",546,708,0.857562077704538
"3655",547,259,0.99287894023363
"3656",547,381,0.949106236210778
"3657",547,410,0.951758734988054
"3658",547,411,0.936866668992035
"3660",547,420,1
"3661",547,422,0.96513279448068
"3662",547,546,0.944097247627821
"3728",558,260,0.953659187614371
"3729",558,261,0.982251091332713
"3730",558,262,0.95438235619318
"3731",558,380,0.879820145934827
"3732",558,540,0.798637306445828
"3733",558,541,0.729848979127701
"3734",558,542,0.946809189543305
"3735",558,543,0.92951473251326
"3736",558,545,1
"3737",558,552,0.957859960379152
"3738",558,553,0.952040008874449
"3739",558,554,0.926455715749414
"3740",558,555,0.9567944196883
"3741",558,556,0.957601153754864
"3742",558,557,0.963633405331881
"3743",558,559,0.948452657233177
"3744",558,567,0.945897266360532
"3745",558,570,0.9632664087939
"3746",558,571,0.682997772214713
"3751",558,576,0.942551643778227
"3753",558,578,0.948872940153715
"3755",558,669,0.856548449129295
"3756",558,785,0.981563983936285
"3779",564,565,1
"3780",564,566,1
"3790",568,260,0.963680048835315
"3791",568,261,0.969638816952565
"3792",568,262,0.957639474122693
"3793",568,380,0.903547678176801
"3794",568,540,0.822165172548953
"3795",568,541,0.767039830577131
"3796",568,542,0.982982398568659
"3797",568,543,0.962068691095851
"3798",568,545,0.988303972404393
"3799",568,552,0.973724707416698
"3800",568,553,0.967543880966969
"3801",568,554,1
"3802",568,555,0.975367912379814
"3803",568,556,0.972218214607097
"3804",568,557,0.967393336756372
"3805",568,559,0.973209651891813
"3806",568,567,0.961350235404651
"3807",568,570,0.975791239024551
"3808",568,571,0.702822875660257
"3813",568,576,0.966096780236289
"3815",568,578,0.964135720415254
"3817",568,669,0.924884098233566
"3818",568,785,0.980914620882855
"3822",569,260,0.954830238779995
"3823",569,261,0.982298058590127
"3824",569,262,0.955282179332017
"3825",569,380,0.881466159617149
"3826",569,540,0.799832034300574
"3827",569,541,0.7309174931739
"3828",569,542,0.949494711967704
"3829",569,543,0.931600873636573
"3830",569,545,1
"3831",569,552,0.958845106925639
"3832",569,553,0.953526605097201
"3833",569,554,0.929258758282715
"3834",569,555,0.957611620296072
"3835",569,556,0.958702799559648
"3836",569,557,0.965244596397762
"3837",569,559,0.94969606629191
"3838",569,567,0.946669670286334
"3839",569,570,0.964727081844562
"3840",569,571,0.683810840734729
"3845",569,576,0.943961151248792
"3847",569,578,0.950429186767451
"3849",569,669,0.859560469936536
"3850",569,785,0.983234707237889
"3931",579,260,0.95483934009078
"3932",579,261,0.973969287495809
"3933",579,262,0.952058218294658
"3934",579,380,0.88243875157451
"3935",579,540,0.804496710634023
"3936",579,541,0.735243706684566
"3937",579,542,0.951477893746327
"3938",579,543,0.929943168220943
"3939",579,545,1
"3940",579,552,0.959099545803742
"3941",579,553,0.953392380212321
"3942",579,554,0.928839232042074
"3943",579,555,0.955441114828153
"3944",579,556,0.958015271601733
"3945",579,557,0.966013575169856
"3946",579,559,0.947573892539055
"3947",579,567,0.944681048897933
"3948",579,570,0.963370527073618
"3949",579,571,0.686919031081789
"3954",579,576,0.944463356818381
"3956",579,578,0.948587862493409
"3961",579,669,0.860376640378333
"3962",579,785,0.985007804477655
"4013",588,621,1
"4014",588,622,0.980690981984772
"4015",588,623,0.951853741676528
"4048",595,169,0.991180189280373
"4049",595,170,0.960397705514202
"4050",595,171,0.994535796365518
"4051",595,172,1
"4052",595,173,0.990692236019064
"4054",595,564,0.363444001473288
"4080",601,603,1
"4081",601,604,0.851739949205868
"4082",601,605,0.885287652709185
"4083",601,606,0.861729518038486
"4084",601,607,0.816714841387713
"4085",601,609,0.776025491800007
"4087",601,613,0.567146536616865
"4089",601,616,0.720524215333515
"4090",601,617,0.736448357697903
"4091",601,618,0.666437692949964
"4092",601,619,0.666300164128696
"4094",602,601,0.976732652659846
"4095",602,603,0.921905095989045
"4096",602,604,0.808249219829271
"4097",602,605,0.866904867956625
"4098",602,606,0.829804846593048
"4099",602,607,0.781732932107513
"4100",602,608,1
"4101",602,609,0.747139200753097
"4103",602,613,0.585291201256738
"4105",602,616,0.667719338093488
"4106",602,617,0.665589337788957
"4107",602,618,0.623506040728264
"4108",602,619,0.622785156222437
"4110",603,604,0.938893056863239
"4111",603,605,1
"4112",603,606,0.968359592328798
"4113",603,607,0.908148493192325
"4114",603,609,0.865450202224921
"4116",603,613,0.650017348164297
"4118",603,616,0.793267841331647
"4119",603,617,0.803823312481639
"4120",603,618,0.738253685955287
"4121",603,619,0.739233782876671
"4123",604,605,1
"4124",604,606,0.963048689631676
"4125",604,607,0.900949172304494
"4126",604,609,0.856043576555965
"4128",604,613,0.667669308630125
"4130",604,616,0.753704054442681
"4131",604,617,0.751825216711292
"4132",604,618,0.710127296319323
"4133",604,619,0.712202338261157
"4135",605,606,1
"4136",605,607,0.96488630227928
"4137",605,609,0.923574771952813
"4139",605,613,0.711574569167686
"4141",605,616,0.846588073693924
"4142",605,617,0.847136533053308
"4143",605,618,0.775632056932065
"4144",605,619,0.768568449786004
"4146",606,607,1
"4147",606,609,0.958208339252669
"4149",606,613,0.724766251405811
"4151",606,616,0.882327790320097
"4152",606,617,0.887790479403785
"4153",606,618,0.809311765087769
"4154",606,619,0.801358610492707
"4156",607,609,0.996125211625609
"4158",607,613,0.781604116819141
"4160",607,616,0.892998571800349
"4161",607,617,0.887673776561312
"4162",607,618,0.828934018411749
"4163",607,619,0.830091688660192
"4165",608,601,1
"4166",608,603,0.936293095576863
"4167",608,604,0.823328585307583
"4168",608,605,0.896429678328373
"4169",608,606,0.862058286351597
"4170",608,607,0.801264646678109
"4171",608,609,0.763216056211416
"4173",608,613,0.596784678236059
"4175",608,616,0.677711950832249
"4176",608,617,0.675242487384922
"4177",608,618,0.635768755356988
"4178",608,619,0.640147256215013
"4181",609,613,0.789377207492909
"4183",609,616,0.891373499773221
"4184",609,617,0.884001295198602
"4185",609,618,0.829693542520168
"4186",609,619,0.828373489363114
"4208",613,616,1
"4209",613,617,0.994300216259764
"4210",613,618,0.935067086863036
"4211",613,619,0.938035950248371
"4230",616,617,1
"4231",616,618,0.936181311635607
"4232",616,619,0.934918116796241
"4234",617,618,0.993697297986201
"4235",617,619,1
"4237",618,619,1
"4362",636,135,1
"4363",636,136,0.992101913984857
"4364",637,135,1
"4365",637,136,0.993953746919834
"4366",638,135,1
"4367",638,136,0.992305206066661
"4426",649,601,0.979454516118701
"4427",649,602,1
"4428",649,603,0.912055242625373
"4429",649,604,0.779761176670461
"4430",649,605,0.875050086452817
"4431",649,606,0.840972154933388
"4432",649,607,0.768984253255074
"4433",649,608,0.964426106487433
"4434",649,609,0.736662908850821
"4436",649,613,0.557826140634652
"4438",649,616,0.65372380627969
"4439",649,617,0.660649621674784
"4440",649,618,0.62625364234158
"4441",649,619,0.629736159251414
"4443",650,601,0.966307440127039
"4444",650,602,1
"4445",650,603,0.918832853650533
"4446",650,604,0.773220601718557
"4447",650,605,0.818853978145875
"4448",650,606,0.785747345796548
"4449",650,607,0.738019298860352
"4450",650,608,0.959989702492403
"4451",650,609,0.711476918770666
"4453",650,613,0.548573605628613
"4455",650,616,0.653128827189197
"4456",650,617,0.656683777896942
"4457",650,618,0.604444922632715
"4458",650,619,0.600508263513724
"4460",651,601,0.960754858715003
"4461",651,602,1
"4462",651,603,0.915838527615349
"4463",651,604,0.772706954776111
"4464",651,605,0.818715988654354
"4465",651,606,0.782893742786695
"4466",651,607,0.736967911050359
"4467",651,608,0.960178965500316
"4468",651,609,0.711390719297604
"4470",651,613,0.552091712039355
"4472",651,616,0.651638081340741
"4473",651,617,0.654691305808223
"4474",651,618,0.603351781267184
"4475",651,619,0.598763025061825
"4477",652,601,0.949109278882272
"4478",652,602,1
"4479",652,603,0.899714894180746
"4480",652,604,0.770051225831632
"4481",652,605,0.834709503540694
"4482",652,606,0.798021851241808
"4483",652,607,0.743494319173742
"4484",652,608,0.953160325015502
"4485",652,609,0.715234588448414
"4487",652,613,0.552909799588908
"4489",652,616,0.650241250641164
"4490",652,617,0.651195316099761
"4491",652,618,0.60642750114149
"4492",652,619,0.607357054645924
"4494",653,601,0.940298041411738
"4495",653,602,1
"4496",653,603,0.896032245094328
"4497",653,604,0.769491073097841
"4498",653,605,0.817695847483496
"4499",653,606,0.781294277894582
"4500",653,607,0.735472019042866
"4501",653,608,0.953694169787431
"4502",653,609,0.70739133207831
"4504",653,613,0.556348979102506
"4506",653,616,0.642012371597082
"4507",653,617,0.639088589506049
"4508",653,618,0.593611838844392
"4509",653,619,0.591094072590856
"4511",654,601,0.954069420497943
"4512",654,602,1
"4513",654,603,0.902582462691986
"4514",654,604,0.76920886143137
"4515",654,605,0.831395776004167
"4516",654,606,0.797597718530752
"4517",654,607,0.739836703197497
"4518",654,608,0.954271361345999
"4519",654,609,0.711971308484713
"4521",654,613,0.558429406454098
"4523",654,616,0.643244958307381
"4524",654,617,0.641420910088102
"4525",654,618,0.599218816271103
"4526",654,619,0.599381530567091
"4528",655,1124,0.854535432492228
"4529",655,1125,1
"4530",655,1126,0.671024723221395
"4531",655,1127,0.922914771212148
"4532",656,1124,0.870160934992351
"4533",656,1125,0.904946945572899
"4534",656,1126,0.721594554749006
"4535",656,1127,1
"4536",657,707,0.46182806493891
"4537",657,708,0.466043734161356
"4538",657,1124,0.851471249234871
"4539",657,1125,0.936011359812281
"4540",657,1126,0.729082551992822
"4541",657,1127,1
"4542",658,1124,0.867990427022936
"4543",658,1125,0.910197534858375
"4544",658,1126,0.722039106454718
"4545",658,1127,1
"4546",659,1124,0.898558790333195
"4547",659,1125,0.935120689783694
"4548",659,1126,0.726985652140951
"4549",659,1127,1
"4581",669,147,0.944191126553222
"4585",669,953,1
"4593",681,1146,1
"4879",726,707,0.363714026321564
"4880",726,708,0.365015959077338
"5418",771,1022,1
"5419",771,1040,0.0716586116372557
"5423",775,318,1
"5424",775,841,0.999267050892035
"5425",775,842,0.960935883689316
"5462",788,381,0.985214802484569
"5463",788,410,0.988219415522309
"5464",788,411,0.972673521396666
"5466",788,422,1
"5506",800,826,1
"5586",815,1239,1
"5697",826,1040,1
"5698",827,1040,1
"5705",830,1040,1
"5706",831,1040,1
"5708",833,73,1
"5711",834,73,1
"5712",834,74,0.389320765869895
"5714",834,827,0.321873018114513
"5749",841,1124,0.976437087002565
"5750",841,1125,1
"5751",842,1124,0.724691666457372
"5752",842,1125,1
"5798",854,260,0.945014130385823
"5799",854,261,0.903466778286109
"5800",854,262,0.965997541486902
"5801",854,380,0.874154834234835
"5802",854,540,0.804001574932786
"5803",854,541,0.776993160104566
"5804",854,542,0.908858876182481
"5805",854,543,1
"5806",854,545,0.864823466710074
"5807",854,552,0.934130182990993
"5808",854,553,0.95173942910507
"5809",854,554,0.977771495512248
"5810",854,555,0.942374426896522
"5811",854,556,0.924364298112051
"5812",854,557,0.936080529367482
"5813",854,559,0.971016764251948
"5814",854,567,0.97359423194587
"5815",854,570,0.930269256151636
"5816",854,571,0.739933904749359
"5821",854,576,0.96294959700184
"5823",854,578,0.966442607824599
"5828",854,669,0.892136485603182
"5829",854,785,0.873488739846255
"5870",876,259,0.312164564615702
"5871",876,260,0.991694014780305
"5872",876,261,0.992270094403716
"5873",876,262,0.990539879215644
"5874",876,380,0.91960753310248
"5875",876,381,0.29982936007204
"5876",876,410,0.300116532603981
"5877",876,411,0.292990815936756
"5879",876,420,0.315950384198035
"5880",876,422,0.305002919838568
"5881",876,540,0.825795928334641
"5882",876,541,0.748520547890469
"5883",876,542,1
"5884",876,543,0.987453608411725
"5885",876,545,0.966557257743865
"5886",876,546,0.297044555123308
"5887",876,552,0.979569601801395
"5888",876,553,0.984868020436118
"5889",876,554,0.951560979946803
"5890",876,555,0.978356115468742
"5891",876,556,0.991637981412431
"5892",876,557,0.980078835787667
"5893",876,559,0.972336709337736
"5894",876,567,0.988157181893445
"5895",876,570,0.981683921518999
"5896",876,571,0.711028391361381
"5901",876,576,0.988954071353065
"5903",876,578,0.986962791584696
"5907",876,669,0.875311082394351
"5908",876,785,0.983799834450309
"5912",877,259,0.416565992969393
"5913",877,260,0.959494943022468
"5914",877,261,0.990232401118706
"5915",877,262,0.957574363759211
"5916",877,380,0.88599903230853
"5917",877,381,0.397563315286604
"5918",877,410,0.398013953824801
"5919",877,411,0.393784915948672
"5921",877,420,0.417314293010313
"5922",877,422,0.405045869280897
"5923",877,540,0.805045917051998
"5924",877,541,0.736884611772285
"5925",877,542,0.956454164303052
"5926",877,543,0.936253650069814
"5927",877,545,1
"5928",877,546,0.397156553211819
"5929",877,552,0.966049361779892
"5930",877,553,0.955726075918612
"5931",877,554,0.94306114631118
"5932",877,555,0.965794106519796
"5933",877,556,0.967267849863443
"5934",877,557,0.962784835432876
"5935",877,559,0.953477794677962
"5936",877,567,0.953704407201786
"5937",877,570,0.965921585860953
"5938",877,571,0.687088932332083
"5943",877,576,0.949813254167453
"5945",877,578,0.952002143758114
"5949",877,669,0.869339383553572
"5950",877,785,0.98626967201273
"5954",878,259,0.983140971793098
"5955",878,381,0.94387321707365
"5956",878,410,0.95294153146303
"5957",878,411,0.920762054054046
"5959",878,420,1
"5960",878,422,0.962057475670337
"5961",878,546,0.926716026893417
"5965",879,259,0.993367167996759
"5966",879,381,0.949273411845029
"5967",879,410,0.950871634794763
"5968",879,411,0.939549428188113
"5970",879,420,1
"5971",879,422,0.963088086211859
"5972",879,546,0.945581458215623
"6000",883,881,1
"6001",883,882,1
"6017",885,179,0.996533263135664
"6018",885,180,0.976526217307664
"6019",885,181,1
"6020",885,182,0.961172445454916
"6021",885,183,0.958351295580204
"6022",885,184,0.971015197603415
"6023",885,185,0.97547454822648
"6024",885,186,0.979601997979798
"6025",885,187,0.978173458441549
"6026",885,188,0.957292759893196
"6027",885,284,0.76280378820919
"6030",885,292,0.765955984204692
"6032",885,294,0.772250701456903
"6033",885,295,0.77352952446527
"6034",886,179,1
"6035",886,180,0.942633334616583
"6036",886,181,0.96778176135274
"6037",886,182,0.92421446234685
"6038",886,183,0.9184316806153
"6039",886,184,0.943313082365106
"6040",886,185,0.959660436700755
"6041",886,186,0.961937162505861
"6042",886,187,0.939721858669219
"6043",886,188,0.938098928366038
"6044",886,284,0.746779903592381
"6047",886,292,0.725030643723737
"6049",886,294,0.745402743016304
"6050",886,295,0.75544332030475
"6051",893,14,1
"6052",893,15,0.996496394188506
"6053",894,14,1
"6054",894,15,0.994725262681319
"6376",948,81,1
"6377",948,82,0.999998594716376
"6378",951,30,1
"6379",951,34,1
"6380",951,457,1
"6381",951,533,1
"6382",951,1028,1
"6391",953,2,0.975624000581104
"6392",953,5,0.992214733834713
"6395",953,8,0.98652602919969
"6396",953,9,0.992223960970311
"6397",953,10,0.983961851085588
"6398",953,11,0.990491924521355
"6399",953,12,1
"6402",953,248,0.899357174128698
"6403",953,312,0.898561468882177
"6404",953,396,0.972372742506833
"6406",953,518,0.886674384061594
"6408",953,754,0.898071680657325
"6409",953,843,0.920788614368804
"6411",953,949,0.944150468447349
"6416",953,1149,0.894503855012807
"6417",953,1188,0.895833220815671
"6418",953,1189,0.904648276034106
"6429",955,179,0.961804040103148
"6430",955,180,0.987097321357099
"6431",955,181,0.966644406176215
"6432",955,182,0.989201710456855
"6433",955,183,0.995034924571717
"6434",955,184,0.968609905568872
"6435",955,185,0.970082929443088
"6436",955,186,0.98034891735766
"6437",955,187,0.979391192660502
"6438",955,188,0.967588230131129
"6439",955,284,1
"6442",955,292,0.980920196899773
"6444",955,294,0.992992013369532
"6445",955,295,0.997932191045846
"6565",970,1239,0.477130718262968
"6572",971,1239,0.532679625571953
"6579",972,1239,0.476080902205608
"6586",973,1239,0.512487600325577
"6591",974,1239,1
"6596",975,1239,1
"6601",976,1239,1
"6765",999,83,0.997095118335526
"6766",999,84,0.999679228605616
"6768",999,135,0.55445906572567
"6769",999,136,0.558962094800269
"6780",999,263,0.721384252307023
"6781",999,264,0.71924129501096
"6784",999,267,0.721907714890642
"6785",999,268,0.724474135803747
"6786",999,269,0.722018001841036
"6790",999,487,1
"6791",999,488,0.993656749368502
"6792",999,489,0.986966917989255
"6795",999,621,0.800870264675653
"6796",999,622,0.819439754538822
"6797",999,623,0.820346370963067
"6800",999,707,0.16584363821006
"6801",999,708,0.168532793884225
"6815",999,922,0.987605221070012
"6816",999,948,0.733241252848405
"6817",999,953,0.352029583870287
"6818",999,989,0.999788880276856
"6819",999,990,0.979234158996884
"6820",999,991,0.999788880276856
"6830",999,1074,0.14916548159203
"6834",999,1175,0.992685131264621
"6839",1000,83,0.979819057520458
"6840",1000,84,0.976899291476909
"6842",1000,135,0.553950090954647
"6843",1000,136,0.555513218773801
"6854",1000,263,0.732686174890831
"6855",1000,264,0.732901568728895
"6858",1000,267,0.728326122607625
"6859",1000,268,0.724637989911858
"6860",1000,269,0.733330118428421
"6864",1000,487,0.976536853923258
"6865",1000,488,0.983704042861115
"6866",1000,489,0.991262822978386
"6869",1000,621,0.814477306394889
"6870",1000,622,0.800969440992049
"6871",1000,623,0.811106646302703
"6874",1000,707,0.19035151589845
"6875",1000,708,0.19328639235979
"6889",1000,922,0.990541614398312
"6890",1000,948,0.725782999724283
"6891",1000,953,0.392180736850033
"6892",1000,989,0.976775403931952
"6893",1000,990,1
"6894",1000,991,0.976775403931952
"6904",1000,1074,0.157078648156838
"6908",1000,1175,0.984801863128882
"7271",1040,155,1
"7515",1080,1239,0.224825319818711
"7516",1080,1240,1
"7518",1081,1239,1
"7519",1082,1239,1
"7598",1098,610,0.961136545092007
"7599",1098,611,0.9867364851984
"7600",1098,613,0.267267782328713
"7601",1098,614,1
"7721",1124,1126,0.95626392371585
"7722",1124,1127,1
"7724",1125,1124,0.870690758195344
"7725",1125,1126,0.803746260024845
"7726",1125,1127,1
"7729",1127,1126,1
"7883",1146,1239,1
"7887",1151,318,0.955373537903365
"7888",1151,841,1
"7889",1151,842,0.961198699026709
"7890",1152,318,0.968959179472441
"7891",1152,841,0.904338951544329
"7892",1152,842,1
"7899",1157,775,0.985468042954033
"7900",1157,1151,1
"7901",1157,1152,0.962334790693127
"7902",1157,1365,0.914253898826466
"7903",1157,1366,0.911027119800967
"7992",1184,1124,0.941660234190953
"7993",1184,1125,1
"8006",1191,655,1
"8007",1191,656,0.969351504208898
"8008",1191,657,0.834830193895771
"8009",1191,658,0.979237421264069
"8010",1191,659,0.955093327342418
"8429",1239,783,1
"8430",1239,784,1
"8593",1277,259,0.996697561857126
"8594",1277,381,0.952433801505646
"8595",1277,410,0.953952231637883
"8596",1277,411,0.937454032747182
"8598",1277,420,1
"8599",1277,422,0.969700125746902
"8600",1277,546,0.945085272613887
"8642",1286,601,0.944276783451995
"8643",1286,602,1
"8644",1286,603,0.903060794222206
"8645",1286,604,0.770512466135729
"8646",1286,605,0.811861482014487
"8647",1286,606,0.775368014064337
"8648",1286,607,0.734009191944176
"8649",1286,608,0.956965195877029
"8650",1286,609,0.707826231251314
"8652",1286,613,0.55576972521875
"8654",1286,616,0.644462281045979
"8655",1286,617,0.642030290826634
"8656",1286,618,0.595391792687155
"8657",1286,619,0.589202783837824
"8733",1300,604,1
"8735",1301,604,1
"8782",1322,601,0.957737392834105
"8783",1322,602,1
"8784",1322,603,0.910227583937613
"8785",1322,604,0.769204528776852
"8786",1322,605,0.823941658939924
"8787",1322,606,0.789326217352654
"8788",1322,607,0.737330816496714
"8789",1322,608,0.957188792559914
"8790",1322,609,0.711812838586776
"8792",1322,613,0.558220280901881
"8794",1322,616,0.645385407091709
"8795",1322,617,0.64388284800658
"8796",1322,618,0.600464853469223
"8797",1322,619,0.596264078009031
"8837",1325,41,1
"8978",1353,14,1
"8979",1353,15,0.996020978430041
"9016",1361,259,1
"9017",1361,381,0.953795892425017
"9018",1361,410,0.955758987093343
"9019",1361,411,0.934165545288636
"9021",1361,420,0.997386663047089
"9022",1361,422,0.975409334819066
"9023",1361,546,0.944909687638242
"9029",1363,601,0.949534840038918
"9030",1363,602,1
"9031",1363,603,0.903792231754814
"9032",1363,604,0.768049010929395
"9033",1363,605,0.822586442117806
"9034",1363,606,0.78716244592135
"9035",1363,607,0.735471379336966
"9036",1363,608,0.955058350550699
"9037",1363,609,0.709817862010653
"9039",1363,613,0.560203590800651
"9041",1363,616,0.642683417770664
"9042",1363,617,0.639148817704516
"9043",1363,618,0.596934378177215
"9044",1363,619,0.593497479301667
"9046",1365,318,1
"9047",1365,841,0.956126621927972
"9048",1365,842,0.99027851365041
"9049",1366,318,1
"9050",1366,841,0.941115568392997
"9051",1366,842,0.983933648479751
"9108",1375,179,1
"9109",1375,180,0.954880985432563
"9110",1375,181,0.994956387628788
"9111",1375,182,0.94719313502755
"9112",1375,183,0.945915215417552
"9113",1375,184,0.968134838291762
"9114",1375,185,0.980392425607487
"9115",1375,186,0.968978182593001
"9116",1375,187,0.966956227278544
"9117",1375,188,0.968003170918018
"9118",1375,284,0.773777023006288
"9121",1375,292,0.785225780632588
"9123",1375,294,0.777274423049704
"9124",1375,295,0.780903106896576
"9125",1376,179,1
"9126",1376,180,0.954596326059474
"9127",1376,181,0.996778176374692
"9128",1376,182,0.947847154809302
"9129",1376,183,0.947843289275638
"9130",1376,184,0.970150347745666
"9131",1376,185,0.981514040891443
"9132",1376,186,0.967844014239805
"9133",1376,187,0.969741684004953
"9134",1376,188,0.97003429972383
"9135",1376,284,0.795128800064819
"9138",1376,292,0.808883355603055
"9140",1376,294,0.800449428835711
"9141",1376,295,0.800891115690522
