gene_names,t2ds_pret2ds_pvalue,t2ds_no_t2ds_pvalue,pret2ds_no_t2ds_pvalue
ABL1,0.6365049898184146,0.5358729292035157,0.5623589233811381
ABL2,0.8884418550309717,0.02198990556031213,0.1164302489308838
ACAA1,0.31691149415778574,0.234859142099778,0.34893817493253426
ACACA,0.31691149415778574,0.009551821844172801,0.1958584696416688
ACACB,0.8565168927411101,0.13825265763168954,0.11869310718168592
ACADM,0.19774933194541047,0.07191142880780056,0.2527701638683348
ACOX1,0.5457497412889383,0.3458555819515146,0.6364018087500284
ACOX3,0.27527898237892867,0.011737425810552777,0.5159110097633328
ACSL1,0.30376235822428765,0.6616426154096993,0.08746593895345364
ACSL3,0.34368463232775176,0.4733780317362588,0.14720793929426831
ACSL4,0.5644825037884655,0.5283881384984634,0.37561361470663407
ACSL5,0.7577782104428301,0.5925887196593107,0.4418293460874762
ACSL6,0.14085048571043557,0.1951920094977358,0.6955424322553165
ACTA2,0.16887561203626492,0.024596958718353528,0.8797634952358541
ACTB,0.9206704006166305,0.9189382287817374,0.21338053377772573
ACTG1,0.4175313515909899,0.7364311863003036,0.3515539274827995
ACVR1,0.8400775758556747,0.9232224676549566,0.17124272018010095
ACVR1B,0.7398266225704486,0.47301962681457654,0.7523631895066103
ACVR1C,0.17975733353758475,0.08515647516887162,0.7700027141980508
ACVR2A,0.4659560568284491,0.3731128311112874,0.8089406864516521
ACVR2B,0.5876375489342285,0.7483242886548059,0.6666301332126688
ADAM17,0.7763146531227555,0.03149160547245004,0.14978695224050934
ADCY1,0.8092721364627895,0.8707712060374477,0.5760236077146806
ADCY3,0.0514489933079964,0.2181294982623572,0.05905317780342323
ADCY4,0.9247117509921577,0.7898991052421908,0.8173172039875459
ADCY7,0.35313468957501737,0.7824015039074186,0.009821674541094097
ADCY9,0.8565168927411101,0.050105161862077856,0.05875609698291212
ADGRB1,0.7971263433675312,0.5687943987999,0.40928063261465075
ADIPOR1,0.42793163679541346,0.4319511043843324,0.6776301705596249
ADIPOR2,0.9835958880474651,0.7479619206091063,0.7897286502573663
ADORA2A,0.4879508012158093,0.45119586192302896,0.6869311176901933
ADORA2B,0.19190499313172463,0.42051346833634484,0.6521692579076079
ADORA3,0.028364989035043583,0.061619230188814614,0.35336259719295265
ADRA2A,0.9504086315397045,0.6834985692518976,0.4101966299185884
ADRB1,0.04663936050730617,0.15065093683125838,0.21799727262602422
ADRB2,0.932483203851087,0.20985287759403784,0.3286033083969035
AFDN,0.8509404097599466,0.9262179858007533,0.674752658203079
AGAP2,0.8308583759069824,0.35794485561629047,0.7993523526878701
AGER,0.7577782104428301,0.1607940788139164,0.016077121842620414
AGT,0.5170607810483804,0.0920840827679546,0.2773198180939575
AIFM2,0.2595235226757511,0.20579202238517177,0.5760236077146806
AIM2,0.155328797181562,0.14961263021584362,0.8562182356506145
AKT1,0.8565168927411101,0.3879775274249719,0.8390572984573578
AKT1S1,0.12725908464492877,0.03196251463844237,0.49657303754804455
AKT2,0.2632761704943477,0.008282262682128009,0.23229514079700975
AKT3,0.17412266237529717,0.2605296357563352,0.31942981654898306
ALDOA,0.6365049898184146,0.2414696007852875,0.04605994022191453
ALDOC,0.43854304691845736,0.5752594069489549,0.5014963064377641
AMOT,0.18276464527763955,0.49106000293246754,0.3354322594282346
ANAPC5,0.1359687082343353,0.030824505527406773,0.37859215080775366
ANGPT1,0.8400775758556747,0.48747258203186883,0.9031837120331299
ANGPT2,0.24866898169496482,0.036634734857632315,0.3587411063577294
APAF1,0.6248998383742295,0.34120750283755225,0.9236945736940942
APBB1IP,0.7037350827618197,0.47696607528859986,0.7173323752074966
APC,0.8668653636305004,0.900526928501655,0.7361074728014912
APC2,0.035735977261628894,0.0652815318903509,0.38653082114150517
APH1A,0.33446411380071556,0.05333244213153561,0.682439854211273
APH1B,0.08151274049826387,0.013318583940327665,0.8247104193919266
ARAF,0.23040052541469294,0.028247303552649452,0.14616862008847087
ARAP3,0.2793278302525643,0.21122388723357668,0.9983381307095888
ARF1,0.7866264937657156,0.15382018710003958,0.6099048514992415
ARF6,0.5876375489342285,0.9077356187282553,0.44212175044374996
ARHGDIA,0.12725908464492877,0.04296961999671491,0.5827804027118856
ARHGDIB,0.5054228787904441,0.579028229210737,0.49526233547739135
ARHGEF12,0.9937756897035118,0.5409565451874953,0.6313067000849996
ARNT,0.46045236311082066,0.5024560274337996,0.9750528660716296
ARRB1,0.08603241527963895,0.04532793705797276,0.16760434662297294
ARRB2,0.4332410359462483,0.8393071671669892,0.1485886488774181
ASPH,0.985028677174726,0.10237745742009552,0.13367590199286486
ATF2,0.5341258833439698,0.006754776512226658,0.012373608075457752
ATF4,0.7917181018905581,0.7770440137695322,0.7724988616275171
ATF6B,0.3577640169690616,0.17618154358580237,0.6796713001481584
ATG12,0.07715312372370398,0.063423386528987,0.9831444379828527
ATG16L1,0.7577782104428301,0.21095221376403472,0.09829962547152445
ATG5,0.6618622454793752,0.2830013282366621,0.09726907959361998
ATM,0.5054228787904441,0.06986885141032216,0.15977380526834092
ATP1A1,0.23040052541469294,0.1304127856875206,0.3853859254869623
ATP1A3,0.3577640169690616,0.9071389416700536,0.43402592933427603
ATP1B1,0.1579894011966325,0.016216142684080358,0.527058388923254
ATP1B2,0.0328979400337106,0.026204431277550767,0.893553684634494
ATP1B3,0.07015221463835204,0.563226913133104,0.012522837601557547
ATP2A2,0.985028677174726,0.5865514298694787,0.7383247774752277
ATP2A3,0.69134350934851,0.027767013373970518,0.15293909211800452
ATP2B1,0.5644825037884655,0.0811117386977324,0.39079056762441483
ATP2B4,0.035735977261628894,0.041902401493558616,0.2663590279637213
ATP6V1A,0.6856730442416888,0.1865475141632256,0.41585272559363157
ATP6V1B2,0.43854304691845736,0.17076968187077454,0.8467242213445153
ATP6V1C1,0.8261667045097031,0.39516866254098565,0.258097872026565
ATP6V1C2,0.7104379056033857,0.8256514673256203,0.49450135845932053
ATP6V1D,0.17412266237529717,0.05788493181470194,0.6735633916490749
ATP6V1E1,0.18583071198422862,0.11389819493850398,0.7948531393260645
ATP6V1E2,0.7971263433675312,0.3940763588670275,0.6422683450442577
ATP6V1F,0.9391369982164172,0.9672667618636105,0.7773770183662102
ATP6V1G1,0.5818632745378527,0.6987872955688238,0.03906625567656101
ATP6V1H,0.2450000162574027,0.7063920517429134,0.08799486833910701
ATR,0.7513125085416539,0.401696889947411,0.9743779784126414
ATXN1,0.4879508012158093,0.12220459506064771,0.26060215783308976
ATXN1L,0.8354977126190273,0.8268958467453039,0.804550757327137
AVPR1A,0.7398266225704486,0.579028229210737,0.7241881237453235
AVPR2,0.9472881614328281,0.03504593768136732,0.04425553565256482
AXIN1,0.12515446138029124,0.051578695714783095,0.8023310691692858
AXIN2,0.522717469304167,0.00865508180016669,0.11990490062486349
AZI2,0.06636425866715276,0.050403752988318326,0.4584794585343113
BAD,0.035735977261628894,0.4164699671853797,0.04816192594959264
BAG4,0.16887561203626492,0.04476437323611549,0.9741361255416694
BAX,0.539767148095913,0.7767008045557251,0.6753134054108101
BBC3,0.7642864870187946,0.18490687138791476,0.4500179163382714
BCL10,0.8153282768363468,0.7849028386811824,0.35452880898128586
BCL2,0.7104379056033857,0.02617127032283398,0.10263002662567722
BCL2A1,0.43854304691845736,0.47806050035444786,0.448774804449387
BCL2L1,0.522717469304167,0.02617127032283398,0.10428812578126964
BCL2L11,0.8400775758556747,0.2411990741765675,0.5280104926687611
BCL3,0.6856730442416888,0.6491086971638713,0.74112649328367
BCL6,0.7917181018905581,0.06326002876155508,0.04322191485312712
BECN1,0.6551598277788772,0.017310241815933457,0.14535917109116225
BEX3,0.2595235226757511,0.02454779824888333,0.28807958960085406
BID,0.7452432417596505,0.47491371522310016,0.5626706108634583
BIRC2,0.7104379056033857,0.8168460533646581,0.5898064629393684
BIRC3,0.4879508012158093,0.0372716075784069,0.06941811959063944
BLNK,0.33446411380071556,0.07793020441333949,0.6457544259890822
BMP6,0.5935571421356693,0.3776699020009712,0.08774813346787357
BMP8A,0.7705561074060572,0.9571001034564389,0.3549283520153101
BMP8B,0.053545685093582776,0.3538939580685545,0.0917740633371928
BMPR1A,0.17412266237529717,0.42806857947956206,0.10720021046896913
BMPR2,0.22052474496084123,0.11389819493850398,0.9004435431489994
BNIP3,0.5284242644797617,0.7997312216422707,0.41806591484321576
BORCS8-MEF2B,0.6065274896072702,0.802835705304851,0.6923730016125519
BRAF,0.33446411380071556,0.3418964338367371,0.790804980451961
BRAP,0.8210469451311435,0.46102836619207915,0.6588205126635799
BRCA1,0.30815271459063587,0.23049030635184498,0.5396903195234634
BRCC3,0.6248998383742295,0.03994563303700371,0.15126794405975336
BTK,0.8980798173089741,0.0514341965921299,0.04545151727941724
BTRC,0.5583798026386823,0.5835194549924176,0.3298802760479995
CAB39,0.5583798026386823,0.8288707552211579,0.7439460373921486
CAB39L,0.7232391303239585,0.06819700799160511,0.06759048302647677
CACNA1C,0.17412266237529717,0.012119381741823445,0.30977675377842384
CACNA1D,0.4935108967941855,0.17333247060336884,0.24853958949438756
CACYBP,0.3484170977760169,0.05640644987249073,0.8990956641063872
CALM1,0.8400775758556747,0.6593977752073492,0.06254490862455347
CALM2,0.1293264133979135,0.2867780490317313,0.42884166145675434
CALM3,0.1186267477939201,0.5494508807051267,0.4689663723512233
CALML4,0.34368463232775176,0.09223940176991487,0.927661150847187
CAMK1,0.5644825037884655,0.08630193420212148,0.36410169896405503
CAMK1D,0.4175313515909899,0.7908986823409668,0.22930309345389965
CAMK2D,0.2832829188323762,0.5030678989938759,0.8746546147052972
CAMK2G,0.2450000162574027,0.016383387198163603,0.28023132172521875
CAMK4,0.47138411339503583,0.4527758273097406,0.3452339013093864
CAMKK2,0.4175313515909899,0.4801491643415394,0.538215818045057
CAMP,0.8618916498157649,0.6881076725447068,0.9580930225993857
CARD11,0.8792804939196781,0.6754966620641414,0.24151057657369057
CARD14,0.932483203851087,0.48786285607265295,0.7523631895066103
CARD16,0.4879508012158093,0.003679507726717763,0.0030586877768041462
CARD6,0.2872307321264238,0.019472148807313346,0.44640126355080983
CARD8,0.6683056509199464,0.28646917696337115,0.6897886548549919
CARD9,0.1579894011966325,0.13835985742937074,0.14850267227353184
CASP1,0.34368463232775176,0.7579491914730614,0.08303153301750946
CASP10,0.12299039135237938,0.30781624963182097,0.40928063261465075
CASP3,0.12299039135237938,0.1285086805814254,0.015598778932116378
CASP4,0.7642864870187946,0.4481057968011112,0.5180215589520658
CASP5,0.928680803955857,0.4123883413698901,0.35053023709492204
CASP7,0.4548053183547849,0.3984751280935922,0.15840622594350123
CASP8,0.8668653636305004,0.6911239954033028,0.6821380925556657
CASP9,0.5999385400746583,0.3710348852500779,0.001432305115099057
CASTOR1,0.539767148095913,0.3294891382964442,0.5221973620570278
CASTOR2,0.12299039135237938,0.21032985555237135,0.3687127942980301
CAT,0.32556752345556134,0.7622287118608017,0.3232011963739104
CBL,0.8400775758556747,0.9234294723478235,0.765335981386715
CBLB,0.5644825037884655,0.41534149148637173,0.304733584582026
CCL28,0.3484170977760169,0.3819064127147605,0.3625423173009955
CCL3,0.07279404819707942,0.003926591644904396,0.0760726414358815
CCL3L3,0.21387372944947905,0.0092271299578066,0.6831802017656996
CCL4,0.932483203851087,0.6949573290996817,0.7781842547222968
CCL4L2,0.46045236311082066,0.42567504319195215,0.8875174628248914
CCL5,0.13363794198251344,0.18374436599754096,0.5035168795356909
CCND1,0.06636425866715276,0.002382876353287264,0.435330940306834
CCND2,0.15279297713350182,0.39516866254098565,0.1276060026246571
CCND3,0.8509404097599466,0.993156981869109,0.49494798301642573
CCNG1,0.2953098210487758,0.025602541705292876,0.1591393474347083
CCNG2,0.4993892091165037,0.23655317529165398,0.963376889869074
CCR1,0.40705867390666384,0.9075085429789072,0.43375419789922764
CCR10,0.09274388487708171,0.03701347441848357,0.5601630565252876
CCR2,0.7814868595071947,0.2009917116997902,0.00186926662235441
CCR3,0.7763146531227555,0.08420803322762634,0.3161527675130952
CCR4,0.932483203851087,0.2853668533063605,0.342601364662029
CCR5,0.9863856554467135,0.8717563345088488,0.9289186832417408
CCR6,0.12080089615994999,0.364472740253472,0.1298285420693828
CCR7,0.539767148095913,0.6953341411833138,0.48045090920077455
CCR8,0.6248998383742295,0.06759484217817133,0.27059972470028576
CCR9,0.5818632745378527,0.9822771093090977,0.49338924927952627
CD14,0.1186267477939201,0.45315993936278753,0.2816691763079765
CD19,0.8980798173089741,0.23758766596837114,0.36281107211903774
CD22,0.6248998383742295,0.6333578306734716,0.05295751232463547
CD247,0.2912438188319573,0.18197280735111235,0.14883281516690403
CD28,0.6972559050594622,0.4693563481006122,0.02730961596191983
CD36,0.6191191932121786,0.1056229441400762,0.05725874914074521
CD38,0.8031115644708559,0.015318215961224436,0.06334608055731124
CD3E,0.09765939122586009,0.21149759153073386,0.4911598899789404
CD4,0.8031115644708559,0.08956186590150815,0.0765800108520749
CD40,0.522717469304167,0.45239515865412716,0.16602866870966448
CD40LG,0.32119893067184535,0.0019019423166926198,0.11216770061535113
CD72,0.12725908464492877,0.9234294723478235,0.007506191755184013
CD79A,0.539767148095913,0.15836727419610896,0.10898768283934891
CD79B,0.2671825440696867,0.5164916869176467,0.07253335109434107
CD80,0.33446411380071556,0.2535359141263118,0.7156758157873584
CD82,0.8752637771074617,0.8441402738196478,0.9115100815368102
CD86,0.8792804939196781,0.03580283420095087,0.007491397137727369
CD8A,0.8210469451311435,0.29749420150814215,0.37636407742510875
CD8B,0.4548053183547849,0.36823773882127475,0.08812035022774022
CDC25B,0.4548053183547849,0.3934350467520587,0.9797253159482531
CDC37,0.7452432417596505,0.4814110875998497,0.5288700042686507
CDC42,0.9167712700524199,0.8920613235613649,0.6277953048449534
CDH1,0.12515446138029124,0.11729418285531128,0.5377736617724355
CDK2,0.8092721364627895,0.5554535392618712,0.4911598899789404
CDK4,0.9444108155225589,0.03629567074331528,0.13286452024293807
CDK6,0.4879508012158093,0.03467266998332048,0.24474572634628075
CDKN1A,0.7763146531227555,0.9677398292238596,0.4014767789943669
CDKN1B,0.8031115644708559,0.9896765730943236,0.5244173564280322
CDKN2A,0.6856730442416888,0.7251911049308658,0.708755609632067
CDKN2B,0.1359687082343353,0.6016963451104518,0.07540979232655978
CDKN2D,0.04760034031023614,0.8710473594781671,0.001188818622024185
CDON,0.7917181018905581,0.8188723067330947,0.5123312162548107
CEBPB,0.8752637771074617,0.1980838221440062,0.4008577314899473
CFLAR,0.5876375489342285,0.16345520130073699,0.6074560503741194
CHAD,0.9721084008856372,0.6096454356925461,0.907113718894472
CHD8,0.1888966817440332,0.23811851499748382,0.9222627102537961
CHEK2,0.3769531020454355,0.3408647974607441,0.003489317589798368
CHRM5,0.40705867390666384,0.7913265944012947,0.11231271036127537
CHUK,0.9418083703353152,0.11155719085311153,0.10972593776780992
CIR1,0.932483203851087,0.7319184677952669,0.49085544781729495
CISH,0.6799683835951384,0.6659490350448457,0.9476511756937984
CLEC1B,0.7452432417596505,0.25381495872268206,0.12160512765856868
CLEC4D,0.522717469304167,0.1563936866412183,0.48964262739651215
CLEC4E,0.9247117509921577,0.132667459657955,0.03512746593593729
CLEC7A,0.9472881614328281,0.6567587493706067,0.8906448145110234
CLIP1,0.4993892091165037,0.030493329437163832,0.1684501045112909
CNR1,0.8031115644708559,0.7357025015913052,0.23463032455657934
CNTF,0.6248998383742295,0.5313350572962532,0.9431426418649548
COL4A3,0.5818632745378527,0.4039067945940672,0.10065936020356081
COL4A4,0.21387372944947905,0.0092271299578066,0.6206653547497681
COL6A1,0.8711827352213887,0.12981926776479413,0.41117024406423236
COL6A2,0.2953098210487758,0.42661887271687143,0.7450611892106919
COL6A3,0.2793278302525643,0.07501811924245896,0.2947520971102778
COL6A6,0.5935571421356693,0.6575340781496813,0.9024526297627217
COL9A2,0.4769016720858721,0.019497538724821777,0.3739968644855295
COL9A3,0.3125597428453923,0.2766528367694199,0.8300626346245915
COP1,0.522717469304167,0.12856568745427865,0.22400795998140394
CPT1A,0.33446411380071556,0.033293396383999224,0.569536510776925
CPT1B,0.7705561074060572,0.4717301605091033,0.5477571518485238
CPT2,0.39193054847575176,0.9242104114987089,0.2135971015723488
CREB1,0.43854304691845736,0.9620594033877288,0.29407900282110505
CREB3,0.6365049898184146,0.5358729292035157,0.827981761107961
CREB3L2,0.5583798026386823,0.4886265048040382,0.8618925261178652
CREB3L4,0.3769531020454355,0.008201104719255772,0.03920188750558981
CREB5,0.5113620202897969,0.42473334310258265,0.7290075153003913
CREBBP,0.932483203851087,0.9160007229590107,0.48507977793269125
CRK,0.3818741781928359,0.1313391286149185,0.8562182356506145
CRKL,0.4175313515909899,0.3108367092437691,0.3030796906471561
CRTC2,0.9247117509921577,0.027160365958637037,0.006707700252601006
CSF1,0.4769016720858721,0.6693969208585624,0.3659881109465384
CSF1R,0.9418083703353152,0.6280429304049141,0.9593132351756605
CSF2RA,0.06764311902653193,0.011353577018430048,0.2870169034249833
CSF2RB,0.6551598277788772,0.45715953856600383,0.2509915307027524
CSF3R,0.6307086214920312,0.9780505347566686,0.6742493989760631
CSNK1A1,0.33900874355293564,0.11059320558529347,0.608493596973633
CSNK1A1L,0.9721084008856372,0.18799420127888436,0.3150892550581657
CSNK1D,0.04475036070931636,0.024111660886212496,0.3924688227981897
CSNK1E,0.4935108967941855,0.12378344205203147,0.6534361608162595
CSNK1G1,0.5583798026386823,0.26503077943684045,0.4279394642917129
CSNK1G2,0.5170607810483804,0.6609470219137302,0.15425938307981044
CSNK1G3,0.8509404097599466,0.7028526036663615,0.6756177175511042
CSNK2A1,0.32119893067184535,0.844439218361936,0.12503818943924497
CSNK2A2,0.9742228429184558,0.3343193618077938,0.06425671305080495
CSNK2B,0.3769531020454355,0.03558259732735328,0.05254877501877989
CTBP1,0.9994306048729732,0.21149759153073386,0.08681167613651412
CTBP2,0.12080089615994999,0.5619677130731497,0.01785173911616955
CTLA4,0.9206704006166305,0.8910375336881847,0.814417349819732
CTNNA1,0.21387372944947905,0.18172476400524754,0.43728289614178506
CTNNB1,0.16622071114638742,0.10657770915508526,0.19348992961934747
CTNNBIP1,0.6307086214920312,0.10544505953767394,0.3467855635656127
CTNND1,0.7513125085416539,0.7760033447184748,0.030118360909885795
CTSB,0.8210469451311435,0.3350055516241557,0.026431691787908874
CTSD,0.43854304691845736,0.1859069419882293,0.4559629103688999
CUL1,0.2522532147889991,0.9398386513600082,0.11284598184645447
CUL3,0.6248998383742295,0.40056479433076864,0.4606724713018469
CX3CR1,0.9921946302796675,0.13572768556590353,0.017977600148567967
CXCL1,0.5760587253225325,0.7882602993429726,0.477896652430305
CXCL10,0.1480551535215295,0.13000569776087725,0.4562075795103155
CXCL16,0.6485106223960626,0.6663359989818078,0.5264342054128328
CXCL5,0.5935571421356693,0.3783919908521569,0.040483142190000154
CXCL8,0.38689042041967664,0.21233897642565086,0.7104786551076717
CXCR1,0.7288641612191982,0.7261835368705372,0.9447742150363921
CXCR2,0.522717469304167,0.24979051781600153,0.016745843459132246
CXCR3,0.539767148095913,0.9862608975841758,0.3223576720767627
CXCR4,0.8400775758556747,0.12076571297113602,0.5129146469087222
CXCR5,0.7971263433675312,0.35455894218953293,0.5503918983564433
CXCR6,0.0062902243802559115,0.0023185241987935703,0.6188494531681618
CYBA,0.9863856554467135,0.8272104351399425,0.7069053369380842
CYBB,0.8933205746772915,0.2696211967420844,0.10292921106088641
CYCS,0.539767148095913,0.04043903441198254,0.12208424884389615
CYLD,0.13363794198251344,0.8928107069798722,0.014066729567908777
CYP27A1,0.6856730442416888,0.5636231694948434,0.009122762494358616
CYSLTR1,0.5284242644797617,0.41810363105365317,0.16206923919256733
CYSLTR2,0.4332410359462483,0.31806871048472346,0.5035168795356909
CYTH1,0.7037350827618197,0.4793723122536595,0.46496367792439763
CYTH2,0.6551598277788772,0.8248888456264738,0.5653089290777087
CYTH3,0.5113620202897969,0.041902401493558616,0.3776541346296932
CYTH4,0.8354977126190273,0.9306259519063057,0.20905055623619534
DAAM1,0.8153282768363468,0.4473417429086964,0.23206970662505336
DAAM2,0.13363794198251344,0.39516866254098565,0.7274050383994113
DAB2IP,0.3125597428453923,0.1821912847455632,0.9144590971671055
DAPP1,0.522717469304167,0.23909352871033285,0.2512365474716075
DAXX,0.7577782104428301,0.021659562649093612,0.11216770061535113
DBI,0.36727982845562845,0.20579202238517177,0.2834286185581607
DCHS1,0.4019004035471444,0.5132540780156092,0.061149866765841075
DDB2,0.976214582124604,0.4886265048040382,0.2780963776652145
DDIT3,0.31691149415778574,0.05505108305714113,0.3067369842664181
DDIT4,0.6130074293939959,0.18765105960392292,0.33697687904271334
DDX3X,0.979711249641129,0.4633950606422523,0.1202181800181877
DEPDC5,0.8752637771074617,0.49425443130477736,0.6805468787591887
DHX33,0.9206704006166305,0.9211848856480668,0.7076433372955676
DHX58,0.9822158101243837,0.5439475618659491,0.6865207199716904
DIAPH1,0.48244414774636185,0.5321178968139961,0.7509079144496994
DLG1,0.6191191932121786,0.9696304105776208,0.4275288383316832
DLG3,0.4019004035471444,0.20660695213145305,0.14978695224050934
DLG4,0.7104379056033857,0.8396107911772269,0.09333010006064797
DLG5,0.47138411339503583,0.1281724093834741,0.2839172614506109
DLL1,0.09274388487708171,0.8350716599801455,0.027654353376584267
DNM1L,0.07715312372370398,0.029076260029896932,0.7136290420093618
DOCK2,0.7705561074060572,0.3152034104013995,0.6929562184679197
DOCK4,0.21724418116988378,0.027767013373970518,0.8020705705547678
DTX1,0.8933205746772915,0.18669797027955212,0.11884421143342627
DTX2,0.47138411339503583,0.13572768556590353,0.8030307253543094
DTX3,0.7642864870187946,0.9436203298315268,0.44212175044374996
DTX3L,0.056872558683323485,0.7527173871989686,0.0035095590775232896
DTX4,0.3721277241835815,0.06986885141032216,0.5432868444704159
DUSP1,0.4879508012158093,0.0459408667451474,0.04138361817678186
DUSP10,0.33000490095720986,0.047898226984363836,0.7664232944858106
DUSP16,0.43854304691845736,0.3455067799871654,0.817248954164697
DUSP2,0.47138411339503583,0.6671137311853612,0.5522707469141722
DUSP3,0.8092721364627895,0.5087910471430127,0.5726354032621233
DUSP4,0.7917181018905581,0.7734442142950134,0.5568093776410037
DUSP5,0.7288641612191982,0.3291455810896584,0.7794062602680653
DUSP6,0.012667961201435493,0.008701676094871963,0.7755909876663292
DUSP7,0.8509404097599466,0.09503827363027101,0.3616531551073559
DUSP8,0.4548053183547849,0.512864713787645,0.5546840190995871
DVL1,0.1293264133979135,0.025196002724783565,0.8930953294096949
DVL2,0.06379309558365702,0.24735506041453081,0.08179819257062614
DVL3,0.0343091440197011,0.020000133393855174,0.8601253503577172
E2F4,0.7170365763169207,0.8364192245347525,0.7841265822176711
E2F5,0.932483203851087,0.12796802811137625,0.3409844772344921
EBAG9,0.6799683835951384,0.8804558263047471,0.3746244816542294
ECSIT,0.7705561074060572,0.15850412691181098,0.22246653453940848
EDA,0.19190499313172463,0.009595628589666378,0.10718768999712316
EDAR,0.6683056509199464,0.2856712019887915,0.6767860709903365
EDARADD,0.0514489933079964,0.004891586084594166,0.6344714323707958
EEF2,0.4548053183547849,0.11189413739569243,0.6156024413118826
EEF2K,0.5818632745378527,0.49106000293246754,0.7521836428222489
EFCAB7,0.47138411339503583,0.9484280390986991,0.5105978764049417
EFNA4,0.7705561074060572,0.8252013090689612,0.0736739290396101
EGF,0.46045236311082066,0.8373358962143155,0.6347665044886293
EGLN1,0.1359687082343353,0.6579251854047856,0.09192989171706417
EGLN2,0.3484170977760169,0.01675545988248131,0.5803307768118698
EGLN3,0.9937756897035118,0.26438398812567465,0.1292209245701784
EGR1,0.1888966817440332,0.3071727369775497,0.39580137103616986
EGR3,0.7705561074060572,0.7600661841714803,0.7184791455310643
EI24,0.3484170977760169,0.4419202530454454,0.4142508761467273
EIF4B,0.7642864870187946,0.7593508444259235,0.17766286263892833
EIF4E,0.5170607810483804,0.45752199747918104,0.8288462216039562
EIF4E2,0.4659560568284491,0.7803462077791715,0.028951860230392347
EIF4EBP1,0.8884418550309717,0.446086479945115,0.24341563052400508
ELAVL1,0.9418083703353152,0.4842516837567451,0.31362267304107366
ELK1,0.47138411339503583,0.006820074141418594,0.15614683870259774
ELK4,0.4879508012158093,0.6812134763036927,0.7028445255156185
ELMO1,0.932483203851087,0.21011441855767582,0.04683172324980512
ELOB,0.6799683835951384,0.6583142397304896,0.11129563716493462
ELOC,0.9134721920827671,0.01826214795594899,0.06951960116870284
ENO1,0.06636425866715276,0.0998833053870329,0.507440986409515
ENO2,0.7452432417596505,0.5528381433137884,0.47577038109250364
ENO3,0.9025911692509898,0.14711113129630876,0.1202181800181877
EP300,0.4175313515909899,0.14916805596624533,0.3009208086976757
EPOR,0.8453562790586819,0.8418988336797795,0.6750573917261335
ERBB2,0.6799683835951384,0.17761485689105308,0.29814166019637256
ERBIN,0.9888252067913242,0.1752262561129835,0.037681310313545706
EREG,0.2832829188323762,0.012648370799071435,0.3286033083969035
ESR1,0.8565168927411101,0.9904987333649513,0.6961063880116094
ESR2,0.3125597428453923,0.40562590212408456,0.8099373668761196
ETS1,0.017878300612267584,0.26438398812567465,0.12457619731630679
ETS2,0.7343603997047338,0.13904476583863043,0.06497497613819697
EVC,0.5284242644797617,0.0361859389863586,0.526744936644955
EVC2,0.522717469304167,0.5918019791995877,0.600086656597456
EVL,0.23390418295758986,0.29928986159963367,0.9156735918491012
EXOC2,0.3125597428453923,0.2630146664835195,0.4094976497906849
EXOC7,0.6799683835951384,0.4793723122536595,0.9072941090689316
F2R,0.23040052541469294,0.16709771300428794,0.6371072224658946
F2RL3,0.8153282768363468,0.057999686642502664,0.009668076073663578
FADD,0.07279404819707942,0.5001838531467084,0.20581620306061124
FADS2,0.1314302448804649,0.0013796511103330402,0.29685325167492776
FARP2,0.5341258833439698,0.6104354733633298,0.970293121442627
FAS,0.6856730442416888,0.5925887196593107,0.7053269113013716
FASLG,0.14085048571043557,0.11990703713536263,0.9420547756648694
FASN,0.8308583759069824,0.11729418285531128,0.39790708370121747
FAT4,0.6972559050594622,0.8201275231160675,0.6029721652191957
FBP1,0.3769531020454355,0.6782017667381246,0.9099350401335436
FBXO25,0.5170607810483804,0.6532815942210949,0.6272509019866299
FBXO32,0.7398266225704486,0.9890998744424749,0.41930045601073607
FBXW11,0.47138411339503583,0.003547755428232811,0.013941124131634293
FCER1A,0.9809896120107209,0.5074985587710094,0.8247104193919266
FCER1G,0.15279297713350182,0.09465709176836687,0.9315307087127719
FCGR2B,0.21387372944947905,0.005936149840211152,0.05435975582190395
FFAR2,0.5520461189691753,0.053975281187792705,0.12616309021589386
FGFR1,0.7170365763169207,0.29960239218657586,0.27639190322833945
FGFR2,0.5054228787904441,0.3743453263602062,0.5467366636014768
FGR,0.8031115644708559,0.5666290854005351,0.6698412032134905
FHL1,0.24866898169496482,0.006211201703908988,0.12221598765455621
FLCN,0.6856730442416888,0.2535359141263118,0.0566240209381794
FLNA,0.7452432417596505,0.48502360854828375,0.21338053377772573
FLNB,0.7232391303239585,0.2894741331606907,0.39715595028309075
FLOT1,0.6485106223960626,0.41014973126286947,0.463774132228755
FLOT2,0.09765939122586009,0.052688192349862654,0.4548580118422875
FLT1,0.6742588869241051,0.9393018768185789,0.18500264746195139
FLT3,0.7642864870187946,0.4164699671853797,0.7276957529792094
FLT3LG,0.1383880197722755,0.014785859454386586,0.7886768726151537
FLT4,0.9915167989396082,0.22874425986249408,0.31527580126886856
FMOD,0.4879508012158093,0.8031656139349563,0.6428670216995133
FN1,0.8668653636305004,0.29153979554845544,0.06526462199384307
FNIP1,0.7866264937657156,0.6800680301915224,0.5411243093817635
FNIP2,0.1579894011966325,0.37213106949414426,0.5416826333771846
FOS,0.32119893067184535,0.4221045387738956,0.810319612478792
FOSB,0.9206704006166305,0.579694192459711,0.9525423421415286
FOXO1,0.042973339377714366,0.43232975726908685,0.18801359293082767
FOXO3,0.522717469304167,0.1313391286149185,0.7173323752074966
FOXO4,0.5054228787904441,0.561759629192554,0.48964262739651215
FPR1,0.8836325288548256,0.9262179858007533,0.7081824988346445
FRAT1,0.7104379056033857,0.8318329814202542,0.3219616722367154
FRAT2,0.976214582124604,0.5933829274522114,0.4395045876001952
FRS2,0.8792804939196781,0.08564534716350515,0.549516470437375
FXYD2,0.7288641612191982,0.43999138022226103,0.031550913903065296
FYB1,0.06379309558365702,0.25920730708789225,0.4107964102438339
FYN,0.5341258833439698,0.2722071783706028,0.14103703803746998
FZD1,0.7814868595071947,0.7490368345801571,0.6966911582764752
FZD2,0.36727982845562845,0.3675776025305115,0.9435139438837729
FZD3,0.2595235226757511,0.6200069130586098,0.17702576635290412
FZD5,0.522717469304167,0.5116916508462535,0.38063334526066006
FZD6,0.5644825037884655,0.14871582472877204,0.40736220556494535
G6PC3,0.9780656391523767,0.633749930581126,0.5421497954761528
GAB1,0.8980798173089741,0.7014009806273307,0.33876357829124926
GAB2,0.23040052541469294,0.3650160981619463,0.6295161314428769
GABARAP,0.8453562790586819,0.9548818930088163,0.31651801495552195
GABARAPL1,0.7037350827618197,0.6173388202135693,0.8399556272507115
GABARAPL2,0.4548053183547849,0.6047812548751875,0.5101916117789014
GABBR1,0.21047501047038913,0.04920249775341439,0.6166007284003585
GADD45A,0.3769531020454355,0.18147317811016156,0.8089406864516521
GADD45B,0.2953098210487758,0.3995071322144953,0.1749755979084778
GALT,0.33900874355293564,0.1991650661603012,0.8011473331972944
GAPDH,0.1948289848621864,0.0522658995949124,0.3324117655717183
GDF7,0.9391369982164172,0.8396107911772269,0.9617933623202382
GHRL,0.5818632745378527,0.24327056501674152,0.01256321305038044
GIPR,0.3969246881851866,0.34387302155983007,0.8237922791665813
GK,0.4659560568284491,0.5538844596357839,0.09829962547152445
GLI1,0.3484170977760169,0.5482718121646546,0.4168004097878494
GNA11,0.38689042041967664,0.4724698023501697,0.46397692294026466
GNA12,0.07863144075736334,0.002577704217045214,0.6364018087500284
GNA13,0.21724418116988378,0.15594880877184442,0.33033435268039363
GNA15,0.5935571421356693,0.4436423457861585,0.029999539726064454
GNAI2,0.6551598277788772,0.3196056997708728,0.7555359002888521
GNAI3,0.21047501047038913,0.5024560274337996,0.7456227020521615
GNAL,0.928680803955857,0.582240480853886,0.6081811820352196
GNAO1,0.7577782104428301,0.3969741496296763,0.4753130076115748
GNAQ,0.7232391303239585,0.2853668533063605,0.15014466966455142
GNAS,0.6130074293939959,0.14835643024829906,0.34460534888864
GNB1,0.6972559050594622,0.7138772488296979,0.854479987712539
GNB2,0.33900874355293564,0.087415090169613,0.6404867069764217
GNB4,0.539767148095913,0.9464538530641611,0.5183285907009904
GNB5,0.38689042041967664,0.07741177250794191,0.08894086684970975
GNG10,0.8453562790586819,0.9320322347474111,0.7691869402313095
GNG11,0.6248998383742295,0.4689701375807081,0.674752658203079
GNG2,0.4769016720858721,0.04358608094095052,0.00798403954516645
GNG5,0.6191191932121786,0.08015654351714488,0.344330605773238
GNG7,0.21047501047038913,0.051518021069032784,0.37141055218959934
GNGT2,0.4437695930512152,0.20886648325835183,0.8686517206490734
GNRH1,0.1383880197722755,0.4469670579330381,0.5975204614558494
GNRHR,0.2793278302525643,0.024698358809016552,0.5277024154181069
GPER1,0.993010979560727,0.8535769048869273,0.5989310561283304
GPR161,0.7170365763169207,0.06828879744344596,0.10038817945036267
GRAP2,0.8711827352213887,0.2235656851773456,0.09598633610012897
GRB10,0.7642864870187946,0.647936650800296,0.507750378657105
GRB2,0.35313468957501737,0.8686947720646239,0.5450270720537335
GRIN2C,0.16348832636661878,0.34220081551382203,0.8161674635511376
GRIN2D,0.053545685093582776,0.027160365958637037,0.499818253162684
GRIN3A,0.16887561203626492,0.3102828798951332,0.3838027404271391
GRK2,0.8453562790586819,0.004716225213872659,0.01894076671986795
GRK3,0.7866264937657156,0.8802476927710033,0.5112773724422106
GRK4,0.15038803708988122,0.16191045268426982,0.5534505377888133
GRK5,0.10124217907455062,0.1982183064396174,0.8115464027757467
GRK6,0.522717469304167,0.012956511993464748,0.2552339470616716
GRK7,0.5935571421356693,0.4672625807332646,0.7990892666414214
GRM2,0.32556752345556134,0.5024560274337996,0.5534505377888133
GSDMD,0.7642864870187946,0.7537893321241975,0.12128537935836438
GSK3A,0.8618916498157649,0.9833837264513492,0.4546585408456141
GSK3B,0.155328797181562,0.2082257680512049,0.5993064253670567
GTSE1,0.8884418550309717,0.5266693831088577,0.06507679135115316
GYS1,0.42268117699741165,0.013234372857287499,0.06375302874626988
HCAR2,0.6618622454793752,0.5843140461938724,0.6096099082439798
HCAR3,0.5457497412889383,0.6804465978805228,0.7974537697642646
HCK,0.7398266225704486,0.4277418119867678,0.8064196336654501
HDAC1,0.996200134213135,0.4376675440404797,0.5753376404339083
HDAC2,0.95349173949055,0.244831959070158,0.05358156788723855
HDAC3,0.9658322133411601,0.9396596627378359,0.8069046032289396
HDAC4,0.69134350934851,0.5691892546179959,0.7601412665564535
HDAC5,0.7037350827618197,0.5116916508462535,0.1208252409251509
HEY1,0.17412266237529717,0.01434380108332017,0.06077629227647347
HGF,0.9167712700524199,0.061910406385196196,0.2562093820539386
HIF1A,0.6065274896072702,0.08372516049192627,0.13997702557486683
HK1,0.2793278302525643,0.061910406385196196,0.3682167513987
HK2,0.5113620202897969,0.3603036812902999,0.39624291936005984
HK3,0.6485106223960626,0.7941642992947195,0.39915081763762555
HKDC1,0.4491811448049099,0.7097809792728476,0.09287861815660856
HMGCR,0.5702699350901674,0.09055850626284284,0.22246653453940848
HMGCS1,0.42268117699741165,0.16846884803496856,0.9516968963606908
HMOX1,0.3125597428453923,0.012496126942068584,0.1960527078868728
HOMER2,0.8933205746772915,0.6356835268372096,0.12550035041425625
HOMER3,0.7104379056033857,0.8809716342124986,0.3805161561531787
HRAS,0.2671825440696867,0.1916863152162262,0.34040113769623104
HRH2,0.2522532147889991,0.036256532140471975,0.13928523712181656
HSP90AA1,0.5876375489342285,0.1239836306977741,0.03244319153389697
HSP90AB1,0.7170365763169207,0.9356963105278264,0.6152936945719473
HSP90B1,0.19774933194541047,0.2042559507134336,0.13906865431728757
HSPA1A,0.6485106223960626,0.673968306561889,0.05905317780342323
HSPA1B,0.5999385400746583,0.5986630321483226,0.6764978212068983
HSPA1L,0.2595235226757511,0.030493329437163832,0.44249794125240777
HSPA6,0.6618622454793752,0.9770001271531202,0.11717978512880597
HSPA8,0.6972559050594622,0.18269360755346964,0.09247201407206215
HSPB1,0.9025911692509898,0.45752199747918104,0.503206399206617
HTR6,0.9863856554467135,0.9197856985220019,0.6518670645331295
ICAM1,0.48244414774636185,0.2363512190125588,0.5960564275763977
ICOS,0.9698955975813839,0.38050544093725,0.6490219080902978
ID2,0.7343603997047338,0.7874308576568794,0.40706968875478017
ID3,0.8565168927411101,0.11189413739569243,0.35336259719295265
IFI16,0.8031115644708559,0.19042024063598648,0.6572338336988858
IFIH1,0.8836325288548256,0.2060864415994244,0.10862564664997496
IFNAR1,0.3818741781928359,0.24507361291841645,0.4612761436890982
IFNAR2,0.8261667045097031,0.31426697153922734,0.5932082294740612
IFNGR1,0.4332410359462483,0.029123011185642877,0.258097872026565
IFNGR2,0.47138411339503583,0.2812926634707647,0.7755668881930372
IFNK,0.7513125085416539,0.31773705774988603,0.310165475702673
IFNLR1,0.14571676021270855,0.21338943755574943,0.007641272455956568
IGF1R,0.7398266225704486,0.3555897534769035,0.4247220165978997
IGF2,0.38689042041967664,0.5200104426275675,0.6730313165423533
IGFBP3,0.8884418550309717,0.11971146416645595,0.5147720563273401
IKBKB,0.5935571421356693,0.13551584043059814,0.5692681030552919
IKBKE,0.8836325288548256,0.563226913133104,0.1439983157429095
IKBKG,0.6065274896072702,0.09801120834255439,0.16524626596017536
IL10RA,0.8711827352213887,0.7958393120568427,0.9606293582115923
IL10RB,0.8752637771074617,0.1740099854540538,0.11613487157453932
IL11RA,0.1125711496014878,0.914311971510217,0.02138728798863697
IL12RB1,0.8711827352213887,0.06839759578877605,0.029005841266659792
IL12RB2,0.6130074293939959,0.11628460712755105,0.8622467849113539
IL13RA1,0.5935571421356693,0.012382201883753685,0.020131185675118627
IL15,0.7170365763169207,0.4992464946810673,0.2534593865468248
IL15RA,0.8668653636305004,0.42699394435819293,0.15276049410054193
IL17RA,0.2632761704943477,0.17192894713915122,0.08032955318067166
IL17RB,0.2595235226757511,0.45315993936278753,0.15977380526834092
IL17RC,0.7577782104428301,0.052688192349862654,0.2005966962022622
IL18,0.27120714905997395,0.3734733604151403,0.22386571787025306
IL1B,0.4175313515909899,0.28771333427961154,0.46194464918052675
IL1R1,0.6551598277788772,0.34983501201721146,0.1445569405010382
IL1RAP,0.24127131523268452,0.025759714818224054,0.20581620306061124
IL21R,0.8031115644708559,0.7986473304638139,0.33573287134153057
IL23A,0.5935571421356693,0.15403037260921024,0.8337729189567324
IL24,0.23040052541469294,0.5486593369962178,0.27205289687897183
IL27RA,0.8031115644708559,0.44878346728673413,0.1540986347230159
IL2RA,0.6191191932121786,0.21787596036352458,0.35805966556777225
IL2RB,0.6248998383742295,0.28992921231531865,0.08358171396494432
IL2RG,0.6191191932121786,0.6066473548081361,0.33611454237899796
IL3RA,0.5113620202897969,0.4155880088163758,0.8125592647880393
IL4R,0.06132961899920374,0.004593449875975483,0.11539214575807026
IL5RA,0.8210469451311435,0.6035968153820254,0.8202343840233024
IL6R,0.7705561074060572,0.18319041074695674,0.009197367692727084
IL6ST,0.17975733353758475,0.9062159387163539,0.06045041462440211
IL7,0.6856730442416888,0.9767205799182828,0.1892089316400353
IL7R,0.5520461189691753,0.04253765595136768,0.016904613393293827
ILK,0.5702699350901674,0.8324544214611842,0.32106271943506964
INHBB,0.4491811448049099,0.6536594173785835,0.23529019855248853
INPP5D,0.39193054847575176,0.619222877154477,0.0047433427999182196
INPPL1,0.5935571421356693,0.15340326163513687,0.472676329378177
INSR,0.928680803955857,0.34678415287173325,0.23721639306586878
INVS,0.07715312372370398,0.8253563719400241,0.009516649650854228
IQCE,0.6972559050594622,0.6226689454155647,0.391234412094441
IRAG1,0.8509404097599466,0.6724045682974137,0.7422586148533058
IRAK1,0.7104379056033857,0.40243537378546934,0.7053269113013716
IRAK2,0.4548053183547849,0.039770365071693764,0.08131892922328607
IRAK3,0.34368463232775176,0.4086837817806977,0.6428670216995133
IRAK4,0.8711827352213887,0.4319511043843324,0.014018017426816045
IRF1,0.20711153990372982,0.563226913133104,0.06165422997432108
IRF3,0.7577782104428301,0.11990703713536263,0.2773198180939575
IRF5,0.7763146531227555,0.4365386998389986,0.6122328851595049
IRF7,0.6742588869241051,0.25585759614369463,0.30246048074696735
IRF9,0.01524772870209372,0.0032344093447943967,0.9398134475932914
IRS1,0.539767148095913,0.10329467358460898,0.651578042665673
IRS2,0.43854304691845736,0.3435245764428649,0.7332433069428149
ITCH,0.928680803955857,0.3161847378963386,0.3354650044382752
ITGA1,0.522717469304167,0.19142686258893427,0.9435139438837729
ITGA11,0.8261667045097031,0.1844148676197216,0.5255742455208399
ITGA2,0.3624600981486589,0.005596722835466879,0.0086516316046331
ITGA2B,0.47138411339503583,0.5446828825124015,0.9537749677557689
ITGA3,0.10700073631321239,0.014437850360807612,0.5475197974297511
ITGA4,0.9206704006166305,0.3114997204205575,0.341530965934598
ITGA5,0.6065274896072702,0.4829532021107476,0.6463239383970365
ITGA6,0.8980798173089741,0.31994382355036133,0.32398413784297836
ITGA9,0.5054228787904441,0.9289483803643123,0.4657769631253024
ITGAL,0.6065274896072702,0.1214713521023488,0.44249794125240777
ITGAM,0.4659560568284491,0.2302140967972871,0.5750192574922732
ITGAV,0.02716776204632092,0.0050248352959366225,0.14535917109116225
ITGB1,0.42268117699741165,0.08905096991612897,0.5354796891174174
ITGB2,0.9698955975813839,0.756042343872612,0.7133381385301313
ITGB3,0.2832829188323762,0.2181294982623572,0.6440505440604911
ITGB4,0.5644825037884655,0.011439686305689487,0.23889282947026091
ITGB5,0.4993892091165037,0.5103503983140221,0.5159110097633328
ITGB7,0.8933205746772915,0.25227998080571,0.5996182163085872
ITGB8,0.2522532147889991,0.10237745742009552,0.5717972903678024
ITK,0.2872307321264238,0.02260272916552648,0.17563432434351547
ITPR1,0.17412266237529717,0.00947725525078951,0.12115997354712438
ITPR2,0.06890064868925513,0.005951433971290572,0.10253604673060722
ITPR3,0.12080089615994999,0.09726426528031162,0.7216153598807618
JAG1,0.10124217907455062,0.09813575852639071,0.5208632737010468
JAG2,0.7452432417596505,0.0566172310045439,0.5205717568681919
JAK1,0.8453562790586819,0.5550555163552733,0.7741040209361756
JAK2,0.539767148095913,0.9479412681474567,0.2915782840871674
JAK3,0.3484170977760169,0.49961743279592136,0.682439854211273
JMJD7-PLA2G4B,0.02090322612259031,0.026338704810512654,0.39624291936005984
JUN,0.5935571421356693,0.85006413935376,0.721902330308501
JUND,0.4879508012158093,0.9211848856480668,0.739675151425813
KAT2A,0.95349173949055,0.38724906627266165,0.502544426393345
KAT2B,0.5760587253225325,0.6166013001170672,0.827981761107961
KCNJ2,0.1314302448804649,0.5469200261515739,0.3084025169784299
KCNJ9,0.4332410359462483,0.06413749171464281,0.7623046839485537
KCNMA1,0.5876375489342285,0.30075589230305155,0.33187142812267445
KCNMB1,0.6422515877471573,0.9670273597785465,0.5709970870043176
KCNMB3,0.5520461189691753,0.30353667828926006,0.012885487924098035
KIDINS220,0.6799683835951384,0.34220081551382203,0.057824455660764995
KIF3A,0.522717469304167,0.7334144039949337,0.1375300784045128
KIT,0.7705561074060572,0.7006507229208901,0.4609732943880626
KLF2,0.06379309558365702,0.1991650661603012,0.5507038833972085
KLF4,0.6856730442416888,0.3937428116467494,0.3892771029587282
KRAS,0.5583798026386823,0.47696607528859986,0.49338924927952627
KRIT1,0.8308583759069824,0.08675390984633151,0.1176349120025272
KRT10,0.7104379056033857,0.9121409422876732,0.09512202323111547
KRT23,0.5457497412889383,0.29749420150814215,0.342601364662029
KSR1,0.5644825037884655,0.04047645574160787,0.14978695224050934
LAMA2,0.8308583759069824,0.34120750283755225,0.389559141247098
LAMA5,0.6972559050594622,0.028743992188287635,0.07338468756491251
LAMB1,0.33900874355293564,0.040531771452627374,0.25692633434012974
LAMB2,0.8509404097599466,0.019825126925207572,0.004873120646791578
LAMC1,0.07421014936662217,0.32492329536867026,0.1664077666172336
LAMC3,0.6191191932121786,0.11800366722682203,0.5886061752522148
LAMTOR1,0.7866264937657156,0.1976014298561844,0.019666451266925292
LAMTOR2,0.9101041900615348,0.11226414978333095,0.16792888027674016
LAMTOR3,0.9564498402721354,0.05731559107315731,0.15938293822242072
LAMTOR4,0.4332410359462483,0.5990609225702048,0.7986099674706358
LAMTOR5,0.5113620202897969,0.5071053925695027,0.2187444203717463
LAT,0.12725908464492877,0.05464337854073977,0.14376544460184518
LATS1,0.7288641612191982,0.05019726150339756,0.003371016413768075
LATS2,0.4437695930512152,0.048992170379773145,0.4139570393698056
LCK,0.5935571421356693,0.27631740833992785,0.754007731644552
LCN2,0.9639246780843279,0.7902396438653442,0.7363965807086921
LCP2,0.4123187927393588,0.8347619627249334,0.5958887537673307
LDHA,0.5170607810483804,0.4555203743964653,0.4781823157073126
LDHB,0.2912438188319573,0.021417638154093453,0.12191432132007901
LEF1,0.14330837426753365,0.28771333427961154,0.33887355262909347
LEPR,0.24866898169496482,0.36616889923883583,0.9166703977204408
LFNG,0.34368463232775176,0.15004637277497165,0.6694921177573042
LILRA1,0.1359687082343353,0.12928993416290754,0.600086656597456
LILRA2,0.8453562790586819,0.28851961817345406,0.7144823742091846
LILRA4,0.6742588869241051,0.10222283407900923,0.12954028826977534
LILRA5,0.22052474496084123,0.005668758707955016,0.06806294058957063
LILRA6,0.42793163679541346,0.27557112130638173,0.5472076103421478
LILRB1,0.33900874355293564,0.15977566831584558,0.4977225734655871
LILRB2,0.9025911692509898,0.9086484128429879,0.6347665044886293
LILRB3,0.07715312372370398,0.4430576267899452,0.3232011963739104
LILRB4,0.9564498402721354,0.18765105960392292,0.09713728655090627
LILRB5,0.9822158101243837,0.6321051962437272,0.9196723738324749
LIMD1,0.09765939122586009,0.02611403162738663,0.8851541956122355
LIPE,0.7232391303239585,0.9647864976596664,0.25560988763814524
LLGL1,0.4879508012158093,0.7870891196403821,0.9449084773314816
LLGL2,0.09940548773114445,0.11800366722682203,0.6248997613917041
LPAR1,0.6972559050594622,0.3143669933279365,0.5211578731732122
LPAR2,0.2595235226757511,0.05708571660792461,0.8845874743967369
LPAR5,0.6799683835951384,0.858809787029263,0.966852694369073
LPAR6,0.2912438188319573,0.8774871575958055,0.37737799874840505
LPIN1,0.6742588869241051,0.1991650661603012,0.4292432781705822
LPIN2,0.9639246780843279,0.40279357322660947,0.4660775284806476
LPL,0.8711827352213887,0.5409565451874953,0.3687127942980301
LRP5,0.17148263413411421,0.11159276302286739,0.33033435268039363
LRP6,0.33446411380071556,0.07898640901777094,0.0749273817082115
LSP1,0.976214582124604,0.3734733604151403,0.5117715911742453
LTA,0.9937756897035118,0.3038273430175056,0.5929194572665268
LTB,0.539767148095913,0.22957659168577768,0.8953880772760785
LTB4R2,0.6130074293939959,0.8396107911772269,0.43890605979992087
LTBP1,0.7971263433675312,0.25323530456454524,0.24050645086041741
LTBR,0.5644825037884655,0.15594880877184442,0.17515204542245097
LY96,0.2793278302525643,0.010892622747345685,0.2754602379325351
LYN,0.06379309558365702,0.00022895427972328036,0.17067382036361975
MAGI3,0.1186267477939201,0.06376336064939676,0.4014767789943669
MALT1,0.979711249641129,0.4721147719308123,0.5753376404339083
MAML1,0.19190499313172463,0.15836727419610896,0.5539776437649427
MAML2,0.7513125085416539,0.20687602489569448,0.031060198573360714
MAML3,0.7763146531227555,0.028466199090120107,0.09739361315323729
MAP2K1,0.8210469451311435,0.17450879511714587,0.29407900282110505
MAP2K2,0.8261667045097031,0.6207182686676206,0.9830843568515372
MAP2K3,0.27527898237892867,0.28390019910090686,0.6619435860486153
MAP2K4,0.19190499313172463,0.6150339098009732,0.10158287606588368
MAP2K5,0.5457497412889383,0.5113229227298528,0.15144495547774317
MAP2K6,0.6365049898184146,0.01704081022942168,0.09726907959361998
MAP2K7,0.69134350934851,0.6686254407888443,0.985356216424857
MAP3K1,0.8400775758556747,0.8038292510739203,0.5638567054237739
MAP3K11,0.6130074293939959,0.09801120834255439,0.008414045277819323
MAP3K12,0.906668962569541,0.7094107671830863,0.651578042665673
MAP3K13,0.7642864870187946,0.0005483627422679068,0.0022516330581706678
MAP3K14,0.5760587253225325,0.1654882142340844,0.3253008652567521
MAP3K2,0.33900874355293564,0.9538483904511958,0.266612843528396
MAP3K20,0.3969246881851866,0.29331157193784985,0.8161674635511376
MAP3K3,0.010003260000001719,0.0006498216156108411,0.895580371433358
MAP3K4,0.9101041900615348,0.14916805596624533,0.01437159769266571
MAP3K5,0.976214582124604,0.38381782556129285,0.31998939713780067
MAP3K6,0.7398266225704486,0.9439614907419743,0.5889152563607102
MAP3K7,0.5999385400746583,0.30781624963182097,0.554372097855053
MAP3K8,0.7814868595071947,0.06501948427838429,0.06184874762092016
MAP4K1,0.7763146531227555,0.45315993936278753,0.35336259719295265
MAP4K2,0.43854304691845736,0.07040991529663547,0.4546585408456141
MAP4K3,0.9391369982164172,0.10146265773451983,0.17086528828473008
MAP4K4,0.2832829188323762,0.2950783910631895,0.8089406864516521
MAPK1,0.6422515877471573,0.9415818584694267,0.6310033100633153
MAPK10,0.7814868595071947,0.28915772815163104,0.6469200760153878
MAPK11,0.5644825037884655,0.9059853946107123,0.8360425753169829
MAPK12,0.8792804939196781,0.45476259983756695,0.8242006999405028
MAPK13,0.24866898169496482,0.002425438166463683,0.16060574044626807
MAPK14,0.5054228787904441,0.2093124324431949,0.1516168448402252
MAPK3,0.5702699350901674,0.22874425986249408,0.6301072981660986
MAPK6,0.539767148095913,0.26931493771215215,0.5772154870662366
MAPK7,0.7104379056033857,0.5929866894538636,0.30113190469308726
MAPK8,0.6248998383742295,0.2816067558519587,0.626658213839212
MAPK8IP1,0.7513125085416539,0.38724906627266165,0.40706968875478017
MAPK8IP3,0.4935108967941855,0.1773659186662568,0.36455273938286775
MAPK9,0.8092721364627895,0.14813316857636874,0.2728433177331735
MAPKAP1,0.3484170977760169,0.015318215961224436,0.16722917380776114
MAPKAPK2,0.9721084008856372,0.8968123464857175,0.44249794125240777
MAPKAPK3,0.14571676021270855,0.7082678844776916,0.12473346426492575
MAPKAPK5,0.7705561074060572,0.2867780490317313,0.08824167096633999
MAPT,0.7288641612191982,0.4013378893614522,0.7710506038342617
MAVS,0.5113620202897969,0.7348071685293264,0.6712586631661369
MAX,0.08603241527963895,0.10930036716059675,0.8767030572250343
MCL1,0.8980798173089741,0.544339277663388,0.9437177424126943
MDM2,0.30815271459063587,0.02263178093417729,0.016533566396972288
MDM4,0.7917181018905581,0.027096876539650646,0.21038460510950982
ME3,0.996200134213135,0.22957659168577768,0.2640437503429136
MED1,0.9951141886012665,0.3108367092437691,0.26095911936076693
MED12,0.34368463232775176,0.03629567074331528,0.2754602379325351
MED12L,0.5583798026386823,0.9601622488349287,0.6796713001481584
MED13,0.6551598277788772,0.2732682255663936,0.04013929462713366
MED13L,0.7763146531227555,0.12290644192787287,0.17603779721663948
MED14,0.36727982845562845,0.02752922711965418,0.5680740909218046
MED16,0.3969246881851866,0.9974535408990028,0.2417427644819232
MED17,0.9134721920827671,0.3555897534769035,0.6304136413358244
MED24,0.8308583759069824,0.11904867183801554,0.7155844592035733
MED27,0.18276464527763955,0.15191743843802,0.34488370526965106
MED30,0.9908018457845623,0.2853668533063605,0.08080191380877745
MED4,0.47138411339503583,0.059360237270474965,0.7199852220122686
MEF2A,0.6799683835951384,0.6915117698675307,0.9965990498142406
MEF2B,0.3577640169690616,0.16239542258717451,0.8256028751695045
MEF2C,0.48244414774636185,0.007740709000038152,0.19810010546847806
MEF2D,0.33900874355293564,0.4678320524439293,0.09522132646260051
MEFV,0.3721277241835815,0.47898706392138807,0.389559141247098
MFN1,0.47138411339503583,0.2583116462587435,0.974618927461288
MFN2,0.4993892091165037,0.5005448713055108,0.015073606809001681
MFNG,0.4491811448049099,0.49562062318922895,0.40365401964879966
MIOS,0.4175313515909899,0.2798840703832579,0.4090138487195623
MKNK1,0.7452432417596505,0.03749738931360923,0.0210776426597631
MKNK2,0.8792804939196781,0.9650415905194836,0.7133381385301313
MLKL,0.4548053183547849,0.9639977463306552,0.2715302355549125
MLST8,0.07567113623874455,0.0598612922550395,0.5489402969467871
MLYCD,0.7814868595071947,0.449327230330067,0.37604032834834006
MMP14,0.9418083703353152,0.45119586192302896,0.18565012075510973
MMP9,0.12515446138029124,0.1404337142364881,0.00015344140566788187
MOB1A,0.8261667045097031,0.21928215815413962,0.646631958131742
MOB1B,0.5935571421356693,0.4793723122536595,0.9859863370661042
MPL,0.6618622454793752,0.6766993863122619,0.5623589233811381
MRAS,0.2912438188319573,0.11326275720625871,0.7523631895066103
MS4A2,0.22052474496084123,0.010586953861255568,0.18215246085054734
MST1,0.9676770721842997,0.2676627132301239,0.2584434965383678
MTOR,0.9134721920827671,0.3826129306121268,0.1720917243482208
MUC5B,0.5284242644797617,0.6421486434956857,0.2237007332377812
MYB,0.6683056509199464,0.32978914051535946,0.47420841407876274
MYC,0.8210469451311435,0.9268210600745079,0.4398563902049539
MYD88,0.8261667045097031,0.018013800351705793,0.003304008185053977
MYL4,0.2793278302525643,0.10280122104626452,0.35681061750369314
MYL6,0.1480551535215295,0.2870991172483821,0.4827318291486542
MYL6B,0.1293264133979135,0.1570638969133059,0.5797931700994378
MYL9,0.4769016720858721,0.04664783179763528,0.3891543257480871
MYLK,0.8261667045097031,0.46450456736981494,0.8616707706142447
MYLK4,0.10700073631321239,0.43270668649329297,0.1591393474347083
NAIP,0.20073468857562737,0.13647761074692014,0.559586107562292
NAMPT,0.04475036070931636,0.007200844108896939,0.3637231082721763
NBL1,0.7513125085416539,0.9386179165218986,0.22595605271284552
NCF1,0.9564498402721354,0.937528913209577,0.8793502271599861
NCK1,0.5054228787904441,0.401696889947411,0.8878729614677084
NCK2,0.985028677174726,0.976043661177831,0.9526630596675851
NCOA1,0.36727982845562845,0.2820825080595846,0.9376767736612541
NCOA2,0.8752637771074617,0.34054145325211643,0.9913868097327054
NCOA3,0.10124217907455062,0.6139089430083623,0.026078565141071073
NCOR1,0.6485106223960626,0.11426421534775737,0.3421760025812566
NCOR2,0.7866264937657156,0.6039883988141488,0.26944582638598574
NCSTN,0.7104379056033857,0.0522658995949124,0.029832817236817855
NEK7,0.8933205746772915,0.5986630321483226,0.2135971015723488
NEO1,0.6365049898184146,0.48989211774171404,0.6534361608162595
NF1,0.1186267477939201,0.020102740621275192,0.58605786289885
NF2,0.979711249641129,0.673173233365959,0.3141564770477699
NFATC1,0.5702699350901674,0.685025317944066,0.6036900539291046
NFATC2,0.8153282768363468,0.5024560274337996,0.6408094943338181
NFATC3,0.7170365763169207,0.8034966909296838,0.600086656597456
NFKB1,0.9888252067913242,0.3019384876037548,0.5001261455492689
NFKB2,0.27527898237892867,0.13189389964585874,0.6756177175511042
NFKBIA,0.5818632745378527,0.3980492915960656,0.7702709595366005
NFKBIB,0.15038803708988122,0.4164699671853797,0.2519532175607172
NFKBIE,0.4548053183547849,0.9576726084523771,0.11566665136267211
NKD1,0.21047501047038913,0.14711113129630876,0.966852694369073
NLK,0.5644825037884655,0.23966598523326302,0.43177578257752397
NLRC4,0.4935108967941855,0.8731121283840692,0.8202343840233024
NLRP1,0.2450000162574027,0.029950629703426178,0.3551285504564619
NLRP12,0.2671825440696867,0.6467948948274902,0.25068410865165963
NLRP3,0.7642864870187946,0.11677472953990478,0.08752843145803989
NLRP6,0.2953098210487758,0.8179228310423071,0.18279511672911952
NLRP7,0.9863856554467135,0.5804601606609863,0.4559629103688999
NLRX1,0.4123187927393588,0.12417371049264175,0.44767475565400666
NOD1,0.7917181018905581,0.3196056997708728,0.03867188225806029
NOD2,0.4175313515909899,0.6055332408617166,0.6742493989760631
NODAL,0.69134350934851,0.2521796280696136,0.00655116686239942
NOG,0.5644825037884655,0.20712113454194514,0.6130662444536847
NOS3,0.06379309558365702,0.4669472417598921,0.04994627454689539
NOTCH1,0.9863856554467135,0.8876744772131573,0.9882364259088178
NOTCH2,0.9617958625199283,0.4127464365909873,0.4067742076675493
NOTCH4,0.7971263433675312,0.1485623825953737,0.40765923909405566
NPRL2,0.6307086214920312,0.3797857485367717,0.9331844453246055
NPRL3,0.6365049898184146,0.6567587493706067,0.7669182486221449
NR1H3,0.8618916498157649,0.8083618194557773,0.36281107211903774
NR4A1,0.7452432417596505,0.5960560014390016,0.4510480208691496
NRAS,0.4123187927393588,0.6655649051246949,0.026431691787908874
NSMAF,0.9444108155225589,0.4527758273097406,0.2094795527865548
NTSR1,0.7343603997047338,0.7520485710180963,0.6388171104210715
NUMB,0.13363794198251344,0.0361859389863586,0.7666984146173388
NUMBL,0.5760587253225325,0.13456969624143642,0.32717036541440103
OLR1,0.9985271709680604,0.8318329814202542,0.6816916214760881
ORAI1,0.5644825037884655,0.579694192459711,0.038201149408394364
ORAI2,0.40705867390666384,0.6245855163935108,0.6616374806811678
ORAI3,0.6191191932121786,0.5078770632770465,0.5534505377888133
OSM,0.27527898237892867,0.08035937051522947,0.4794916258599845
OSMR,0.7288641612191982,0.3858211274859311,0.06720804911874197
OTUD5,0.3969246881851866,0.0015947980276244601,0.01265952199913701
P2RY1,0.23040052541469294,0.8315238713677352,0.21209652203767976
PAK1,0.9167712700524199,0.10850628343062031,0.09816452139457807
PAK2,0.4175313515909899,0.45590501863777616,0.6831802017656996
PAK4,0.2632761704943477,0.17761485689105308,0.7276957529792094
PAK6,0.12299039135237938,0.0025743555623373377,0.005537124065141453
PALS1,0.21387372944947905,0.3291455810896584,0.6625722024180831
PARD3,0.9504086315397045,0.9007661126926698,0.5088100271479192
PARD6A,0.6742588869241051,0.5074985587710094,0.5999386769079323
PARD6B,0.06379309558365702,0.1424277120019721,0.6285158661913226
PARD6G,0.31691149415778574,0.16191045268426982,0.3498682601741366
PATJ,0.932483203851087,0.3202713510500142,0.24803257508097323
PCK2,0.2522532147889991,0.07631857139296193,0.8385028237407625
PDCD1,0.48244414774636185,0.06290022077655022,0.4195600288074496
PDE1B,0.22376337126712262,0.276152608571352,0.3430441303812833
PDE3A,0.48244414774636185,0.6429320727979738,0.6307105353513557
PDE3B,0.5113620202897969,0.8227620330003786,0.5221973620570278
PDE4A,0.4548053183547849,0.027831513703962935,0.45790802029974226
PDE4B,0.7398266225704486,0.8780170086444511,0.7013067400601025
PDE4D,0.7343603997047338,0.1740099854540538,0.22930309345389965
PDGFA,0.7398266225704486,0.6123319621623984,0.28561356640683716
PDGFB,0.5583798026386823,0.582024703205159,0.6087158166939775
PDGFC,0.9247117509921577,0.13904476583863043,0.057824455660764995
PDGFD,0.7866264937657156,0.15229799501854221,0.03477297415181567
PDGFRB,0.5113620202897969,0.5850623292870951,0.554372097855053
PDHA1,0.4935108967941855,0.41983900701034454,0.030369728202620468
PDHB,0.8711827352213887,0.4442437021258559,0.41319594567320617
PDK1,0.6130074293939959,0.1432090892743642,0.5738180889305244
PDPK1,0.5760587253225325,0.2786550532352196,0.958640837910183
PF4,0.007478009364550545,0.21732140391807506,0.0020286920261590002
PF4V1,0.5583798026386823,0.5084337291838951,0.5984066654729433
PFKFB2,0.7170365763169207,0.593749647171355,0.19810010546847806
PFKFB3,0.8031115644708559,0.7838735720080722,0.6122328851595049
PFKFB4,0.20711153990372982,0.008875538183470309,0.5411243093817635
PFKL,0.1186267477939201,0.307503567983849,0.5972172073600934
PFKM,0.5999385400746583,0.13093609075228718,0.6347665044886293
PFKP,0.47138411339503583,0.9869050775269645,0.33033435268039363
PFN1,0.6191191932121786,0.34387302155983007,0.8723617819019905
PFN2,0.14330837426753365,0.6555872349378705,0.423551279600011
PGAM5,0.08603241527963895,0.08686669998599993,0.5156021692513542
PGK1,0.07715312372370398,0.0017082160244822494,0.2799810684628373
PHKA2,0.3125597428453923,0.6230465258026379,0.36093740130149277
PHKB,0.006133530851865032,0.00024638266340988124,0.4452004640457111
PHKG1,0.5876375489342285,0.15661923081784282,0.2303213021314328
PHKG2,0.6130074293939959,0.5476122051550325,0.4885204998288183
PHLPP1,0.7763146531227555,0.46102836619207915,0.7942247327716858
PHLPP2,0.22052474496084123,0.06973230406578744,0.7760483318058312
PIAS1,0.522717469304167,0.256134045596486,0.7798490882412514
PIAS2,0.7398266225704486,0.6896419394175636,0.21600746452183642
PIAS3,0.8031115644708559,0.2894741331606907,0.5411243093817635
PIAS4,0.026581846678841354,0.013008341787623645,0.2573316201385815
PIDD1,0.8618916498157649,0.3221650480743037,0.04082876630369592
PIK3AP1,0.5054228787904441,0.15191743843802,0.5173219682982629
PIK3C3,0.9247117509921577,0.5024560274337996,0.6396882953039781
PIK3CA,0.33446411380071556,0.2521796280696136,0.6006423980541247
PIK3CB,0.12725908464492877,0.5329068187509463,0.5338649381044467
PIK3CD,0.004185974998371141,0.014651213132169548,0.3937853047593409
PIK3CG,0.6191191932121786,0.5174972478359655,0.06728335967186351
PIK3R1,0.8711827352213887,0.9730861851072181,0.7269910004611903
PIK3R2,0.8752637771074617,0.29298808931438086,0.810319612478792
PIK3R3,0.23040052541469294,0.009417829491303164,0.36481547351209065
PIK3R4,0.7763146531227555,0.9915990235370635,0.6983881146499281
PIK3R5,0.33000490095720986,0.2712879252376153,0.9356650670020955
PIK3R6,0.7452432417596505,0.030895441318463095,0.18541743085922188
PIM1,0.14085048571043557,0.33925145844629356,0.6223125790475212
PIN1,0.5520461189691753,0.6793236708008825,0.5929194572665268
PKM,0.2632761704943477,0.07793020441333949,0.6872332773616064
PKN1,0.40705867390666384,0.2613080933799522,0.9395398199210772
PKN2,0.8453562790586819,0.5473060280355402,0.22495092394143948
PKN3,0.060174748055305316,0.04639838746771665,0.9188373489129207
PLA2G12A,0.6307086214920312,0.10204754246150133,0.538215818045057
PLA2G4A,0.9966047461049834,0.15297106099632854,0.2692007440272925
PLA2G4B,0.5054228787904441,0.572614859294497,0.06415606781727669
PLA2G4C,0.7866264937657156,0.5186769630035583,0.23912341454260205
PLA2G6,0.8354977126190273,0.22805718456302923,0.16626238835518647
PLAAT3,0.6130074293939959,0.011974652774928861,0.06693977827929881
PLAT,0.14085048571043557,0.2310608448586912,0.5996182163085872
PLCB1,0.48244414774636185,0.02963612973844312,0.08382155526691483
PLCB2,0.9025911692509898,0.2150247550803889,0.7210432949473252
PLCB3,0.6618622454793752,0.3811980415171946,0.8799724315023539
PLCD1,0.5457497412889383,0.619222877154477,0.7366300851948901
PLCD3,0.3624600981486589,0.5203963828412183,0.199970534261876
PLCE1,0.16622071114638742,0.003679507726717763,0.162866613144534
PLCG1,0.8092721364627895,0.09964805300867825,0.14013964668329995
PLCG2,0.29946077842025876,0.04458127365228217,0.37338659196505525
PLD1,0.996200134213135,0.1661168612875914,0.1960527078868728
PLD2,0.4548053183547849,0.6548252614298243,0.18215246085054734
PLIN2,0.6618622454793752,0.3808649619722984,0.6206653547497681
PLIN4,0.013587386665278737,0.05879007905358111,0.3932074577933293
PLIN5,0.8933205746772915,0.19785974368450748,0.1791479684582313
PLK1,0.6551598277788772,0.3508770228252338,0.9081632922927728
PLK3,0.7343603997047338,0.17475017001536594,0.41319594567320617
PLN,0.8668653636305004,0.7002874927366739,0.449712013234414
PLTP,0.32556752345556134,0.107706619092606,0.6899858238831437
PMAIP1,0.7917181018905581,0.32978914051535946,0.9693758969734587
POMC,0.6307086214920312,0.5744697475770163,0.23000950072997742
PORCN,0.2872307321264238,0.1769369944526316,0.3721208747272498
PPARA,0.5341258833439698,0.2806658466853276,0.7611985316252656
PPARD,0.4332410359462483,0.3468276816767019,0.709629036370104
PPBP,0.9564498402721354,0.9160007229590107,0.9960544313491697
PPIF,0.8261667045097031,0.8315238713677352,0.2943339630222336
PPM1A,0.9360307205607952,0.1630205619266573,0.11539214575807026
PPM1B,0.8980798173089741,0.8780170086444511,0.958888619578812
PPM1D,0.9780656391523767,0.08905096991612897,0.12067019650989479
PPP1CA,0.539767148095913,0.5580137302497624,0.8882603470616155
PPP1CB,0.6551598277788772,0.5350883519330751,0.35053023709492204
PPP1CC,0.46045236311082066,0.5516503170572234,0.8665305032395669
PPP1R12A,0.7577782104428301,0.2818914905803966,0.11302564958080404
PPP1R12B,0.6551598277788772,0.49961743279592136,0.3483108286594227
PPP1R12C,0.30376235822428765,0.31836815786192973,0.09700312852660463
PPP1R3B,0.48244414774636185,0.5952616833205747,0.8228149235479427
PPP1R3D,0.5170607810483804,0.17570998723138287,0.4195600288074496
PPP1R3E,0.6972559050594622,0.32978914051535946,0.3862411601436275
PPP1R3F,0.1383880197722755,0.012410335806516806,0.2870169034249833
PPP2CA,0.5818632745378527,0.10187552042348429,0.8233108264532906
PPP2CB,0.7343603997047338,0.8649230503174559,0.7878867736326572
PPP2R1A,0.17412266237529717,0.006292544609329003,0.27180700167040817
PPP2R1B,0.6248998383742295,0.2986369810378768,0.4810473165216484
PPP2R2A,0.6551598277788772,0.048592658848160074,0.32589509423393903
PPP2R2B,0.4935108967941855,0.5165263151784336,0.4523607768924463
PPP2R2D,0.11448514639432146,0.03671877411737734,0.6666301332126688
PPP2R3A,0.0343091440197011,0.04358608094095052,0.8215939107642674
PPP2R3B,0.3769531020454355,0.9615505914192725,0.10125994092860577
PPP2R3C,0.3125597428453923,0.04458127365228217,0.26766671976589873
PPP2R5A,0.3769531020454355,0.7312165244316454,0.7371876679484481
PPP2R5B,0.7037350827618197,0.40427044437684523,0.6886281465947673
PPP2R5C,0.33000490095720986,0.5929866894538636,0.9188373489129207
PPP2R5D,0.9134721920827671,0.2411990741765675,0.5969313551581117
PPP2R5E,0.9592419707694295,0.8593832200397169,0.6228954521042924
PPP3CA,0.95349173949055,0.66824547281008,0.4708116527891973
PPP3CB,0.7763146531227555,0.33238713661619085,0.34235069000361124
PPP3CC,0.9742228429184558,0.08710427852049797,0.1447299469419594
PPP3R1,0.8565168927411101,0.7806818315281935,0.7121889575516477
PPP4C,0.09765939122586009,0.2894741331606907,0.27707089325978285
PPP4R3A,0.42793163679541346,0.9287680380539349,0.1183559958451845
PPP4R3B,0.32119893067184535,0.1304127856875206,0.7072015658891885
PPP5C,0.2632761704943477,0.3508770228252338,0.9432778287868706
PREX1,0.8933205746772915,0.050501899884088666,0.013141004901315277
PRICKLE1,0.045685376479503055,0.03851754814009142,0.16261020863595435
PRICKLE3,0.33000490095720986,0.0522658995949124,0.6840000508323584
PRKAA1,0.3818741781928359,0.26683612473453455,0.8321164304605363
PRKAB1,0.23040052541469294,0.0005634138919377538,0.05104397115976959
PRKAB2,0.5760587253225325,0.06395023787793608,0.38293606556311033
PRKACA,0.6551598277788772,0.13647761074692014,0.10718768999712316
PRKACB,0.8836325288548256,0.44661234749199263,0.2430857208922135
PRKAG1,0.6856730442416888,0.21095221376403472,0.15091268120829604
PRKAG2,0.5702699350901674,0.6754966620641414,0.6335773478910997
PRKAR1A,0.21387372944947905,0.06877245324580798,0.5960564275763977
PRKAR1B,0.906668962569541,0.19671033618755884,0.17624303743006692
PRKAR2A,0.8711827352213887,0.6636164494559019,0.2062542134561065
PRKAR2B,0.7452432417596505,0.18864404064940746,0.878465838805836
PRKCA,0.9504086315397045,0.6154182432096791,0.8197551962150958
PRKCB,0.4019004035471444,0.8466365981075745,0.035256142627896926
PRKCD,0.6618622454793752,0.16640482600032502,0.5886061752522148
PRKCE,0.5341258833439698,0.5245208651073088,0.9287630198445851
PRKCI,0.9742228429184558,0.6973026132680878,0.4195600288074496
PRKCQ,0.14330837426753365,0.046848051024975475,0.2386480073700761
PRKCZ,0.6618622454793752,0.9293217166101858,0.4794916258599845
PRKD2,0.4659560568284491,0.22527489994962116,0.9903794291943483
PRKD3,0.22376337126712262,0.09712653150417012,0.04590646841363123
PRLR,0.9944754906489416,0.6949573290996817,0.5619081385157708
PRMT1,0.8752637771074617,0.36616889923883583,0.4729946427590534
PRR5,0.15279297713350182,0.22212242380308447,0.8123055213220043
PSEN1,0.6742588869241051,0.16212380158845907,0.18490687827820762
PSEN2,0.99693576178236,0.8248888456264738,0.8247104193919266
PSENEN,0.5935571421356693,0.21122388723357668,0.11717978512880597
PSTPIP1,0.7513125085416539,0.980537013548867,0.8646727490349226
PTAFR,0.05575878824188507,0.011466043288684252,0.9955074829875712
PTCH1,0.8261667045097031,0.18565307413808957,0.11992375846258184
PTCH2,0.07421014936662217,0.07516057615379054,0.8962466534750602
PTCRA,0.6972559050594622,0.6491086971638713,0.5379068286569954
PTEN,0.7037350827618197,0.25511827052012204,0.5823498258321479
PTGER2,0.8980798173089741,0.234311469840245,0.2279306290980054
PTGS2,0.08936740337659388,0.3211648757994383,0.5369267910611595
PTK2,0.46045236311082066,0.7116185113086668,0.6277953048449534
PTK2B,0.3818741781928359,0.04209830334592971,0.16248815958303037
PTPN1,0.4993892091165037,0.8526427804515497,0.7456227020521615
PTPN11,0.7705561074060572,0.09484806768629254,0.27414000007242434
PTPN2,0.5520461189691753,0.23316158211555865,0.7628448014927804
PTPN6,0.522717469304167,0.4277418119867678,0.8996995210702249
PTPN7,0.4993892091165037,0.015740244268030182,0.13318245917430566
PTPRC,0.9418083703353152,0.18293667636774136,0.24853958949438756
PTPRF,0.7814868595071947,0.4319511043843324,0.14526221301493247
PXN,0.27120714905997395,0.3734733604151403,0.32443919562079315
PYCARD,0.15038803708988122,0.593917960666439,0.4885204998288183
PYGB,0.3818741781928359,0.13607838267384362,0.7803593000741709
PYGL,0.9134721920827671,0.8842650690598135,0.9893600141345582
PYGM,0.8711827352213887,0.1654882142340844,0.435330940306834
RAB10,0.3577640169690616,0.6869787426379558,0.47420841407876274
RAB11B,0.6248998383742295,0.25264985077760255,0.859192303135868
RAB14,0.4769016720858721,0.3617132898881081,0.651578042665673
RAB2A,0.95349173949055,0.900526928501655,0.8526843141855498
RAB5A,0.4019004035471444,0.049143394898842924,0.11971887596077696
RAB5B,0.9504086315397045,0.40243537378546934,0.2696910942314759
RAB5C,0.16622071114638742,0.02145569715904847,0.7301404317398728
RAB8A,0.19190499313172463,0.5524436248768486,0.1720917243482208
RAC1,0.39193054847575176,0.13169415966723094,0.3996085949565752
RAC2,0.8153282768363468,0.9812415327442526,0.7309705809260045
RAF1,0.8752637771074617,0.7251911049308658,0.16031928832929768
RALA,0.7288641612191982,0.6302670130193602,0.5886061752522148
RALB,0.5170607810483804,0.5435501154934446,0.8654777013997224
RALBP1,0.7917181018905581,0.38050544093725,0.37561361470663407
RALGDS,0.5113620202897969,0.1630205619266573,0.37310327893242207
RAP1A,0.30815271459063587,0.08239970847228656,0.6808381659784992
RAP1B,0.5341258833439698,0.9741181811792551,0.3751272616593829
RAP1GAP,0.42793163679541346,0.04168343454981133,0.1694155845423754
RAPGEF1,0.8792804939196781,0.6498288450293187,0.5623589233811381
RAPGEF2,0.4769016720858721,0.06103277316890645,0.16111777113132666
RAPGEF3,0.15038803708988122,0.07430345423336127,0.2584434965383678
RAPGEF6,0.7513125085416539,0.17905540920885613,0.789993795584908
RARA,0.22704035681759854,0.0025105201665092513,0.10125994092860577
RASA1,0.4659560568284491,0.029904387713534847,0.472676329378177
RASA2,0.5520461189691753,0.17381444832594706,0.15959130227640983
RASA3,0.6130074293939959,0.046270336881598796,0.2527701638683348
RASA4,0.6307086214920312,0.0016040713607134586,0.058836350914298556
RASA4B,0.018701496562362866,0.0019984084129534723,0.12529458454517192
RASAL2,0.6551598277788772,0.9767205799182828,0.31706313182087614
RASAL3,0.9101041900615348,0.05685535369257523,0.003621795360166015
RASGRF1,0.0018730186914333203,0.15661923081784282,0.0259891661563075
RASGRF2,0.2522532147889991,0.7169288011321462,0.6689763771062007
RASGRP1,0.6307086214920312,0.22783939887551027,0.32973505576875034
RASGRP2,0.4123187927393588,0.029836249222376487,0.06738531391613263
RASGRP3,0.6065274896072702,0.04078828457122402,0.25872251874675806
RASGRP4,0.06764311902653193,0.037736725405259304,0.2901347678372988
RASSF1,0.5583798026386823,0.6881076725447068,0.9333291677148342
RASSF2,0.05797527618284998,0.02651336327574115,0.9656545505517722
RASSF4,0.2632761704943477,0.47023768811854777,0.12067019650989479
RASSF5,0.9206704006166305,0.49352757478120163,0.21843524964539504
RBCK1,0.30376235822428765,0.1932133042853826,0.9498178132823695
RBL1,0.979711249641129,0.8725677102729396,0.3267678432981197
RBL2,0.9944754906489416,0.22997485173988255,0.08068391650900066
RBPJ,0.30815271459063587,0.20206647642121442,0.732971468230306
RBX1,0.46045236311082066,0.504610207128713,0.5647127479640214
RCAN1,0.33446411380071556,0.3991411156480604,0.8071638777365033
RCHY1,0.5644825037884655,0.4992464946810673,0.3805161561531787
REL,0.8453562790586819,0.28390019910090686,0.33187142812267445
RELA,0.8354977126190273,0.15319776644905989,0.09829962547152445
RELB,0.9658322133411601,0.2049897864238251,0.4686616754368865
RFNG,0.2632761704943477,0.03580283420095087,0.4612761436890982
RGL1,0.01670660367734854,0.1553182969709329,0.2728433177331735
RGL2,0.7398266225704486,0.15966789061584732,0.8235447032649372
RGMB,0.8308583759069824,0.14341978725677437,0.304733584582026
RGS14,0.5284242644797617,0.16371300137421665,0.8877254785704821
RGS2,0.20711153990372982,0.86333768140718,0.06165422997432108
RHEB,0.4935108967941855,0.6720175312358624,0.35024509163625656
RHOA,0.20711153990372982,0.840220526917835,0.3952994322838787
RHOQ,0.5520461189691753,0.5929866894538636,0.8516429027869539
RICTOR,0.6485106223960626,0.26467945917033464,0.8096805474932046
RIN1,0.23040052541469294,0.002176437605568127,0.0014493015276753432
RIPK1,0.5113620202897969,0.4980746214349992,0.8081814122003163
RIPK2,0.8261667045097031,0.725929767684061,0.9860387119067167
RIPK3,0.24866898169496482,0.023795874087148075,0.5706845526624125
RNASEL,0.8836325288548256,0.05584459137024285,0.09933767281614792
RNF125,0.34368463232775176,0.35455894218953293,0.8182562964660789
RNF31,0.1383880197722755,0.12057793002791786,0.6534361608162595
RNF43,0.928680803955857,0.5453498840903434,0.20521296472837117
ROCK1,0.6130074293939959,0.8689687348844604,0.47109864048806405
ROCK2,0.8308583759069824,0.449327230330067,0.9799947034457738
ROR1,0.9134721920827671,0.987616093687516,0.8099373668761196
RPS6,0.8618916498157649,0.3995071322144953,0.42702856396040734
RPS6KA1,0.4993892091165037,0.12290644192787287,0.052198043082328206
RPS6KA2,0.9391369982164172,0.6620821124733469,0.6503838847386665
RPS6KA3,0.42268117699741165,0.9394807599246179,0.1764371632913751
RPS6KA4,0.7763146531227555,0.5164916869176467,0.17366252716455774
RPS6KA5,0.7288641612191982,0.1643677495168694,0.7990892666414214
RPS6KB1,0.7814868595071947,0.3399142093155388,0.4536506529516826
RPS6KB2,0.07715312372370398,0.026204431277550767,0.31904872764876924
RPTOR,0.29946077842025876,0.21011441855767582,0.8337729189567324
RRAGA,0.9780656391523767,0.9535458022584252,0.304733584582026
RRAGB,0.36727982845562845,0.00817849223275294,0.0014061514488295822
RRAGC,0.21047501047038913,0.15850412691181098,0.8112957188580812
RRAGD,0.5170607810483804,0.8963232445656828,0.04721870339981111
RRAS,0.6365049898184146,0.4319511043843324,0.789993795584908
RRAS2,0.7170365763169207,0.7165527297688585,0.16986772488432625
RRM2,0.8308583759069824,0.027831513703962935,0.04864816806103796
RRM2B,0.8261667045097031,0.061072182659136436,0.2728433177331735
RUVBL1,0.8933205746772915,0.5748626534774272,0.30271977815022866
RXFP4,0.539767148095913,0.2853668533063605,0.12954028826977534
RXRA,0.9721084008856372,0.6410554469081872,0.8130267325873483
RXRB,0.6683056509199464,0.04999622274274357,0.08156101830470033
RYK,0.21047501047038913,0.07631857139296193,0.2715302355549125
RYR1,0.7814868595071947,0.7221866600681551,0.47577038109250364
RYR3,0.34368463232775176,0.12128492745196542,0.4996955946215349
S100A8,0.155328797181562,0.1865475141632256,0.18908013548376237
S100A9,0.7971263433675312,0.5733739787339457,0.5589878419294109
S1PR1,0.9564498402721354,0.11408796030326908,0.04462628170407569
S1PR2,0.03966059618487039,0.4780309400784707,0.04337609279530565
S1PR3,0.9206704006166305,0.3525411327332433,0.3232011963739104
S1PR4,0.8092721364627895,0.7240827550654215,0.4329477627664271
S1PR5,0.42268117699741165,0.1209627313057055,0.8933586807495159
SAV1,0.5644825037884655,0.6505641879052698,0.9284553177911338
SCD,0.9360307205607952,0.28591716639286363,0.762029139408709
SCD5,0.9617958625199283,0.46450456736981494,0.3061457619495342
SCP2,0.6551598277788772,0.22334044067879455,0.14995756386934558
SCRIB,0.9592419707694295,0.3485393254636781,0.04327901682117594
SEC13,0.9444108155225589,0.7112843314369609,0.9771352686553716
SEH1L,0.42268117699741165,0.06326002876155508,0.16602866870966448
SENP2,0.1383880197722755,0.005293449658703573,0.30477643818254313
SERPINE1,0.22704035681759854,0.389389889157638,0.1690396138954116
SERPINF1,0.40705867390666384,0.15147187406550078,0.3351610234714865
SESN1,0.42268117699741165,0.11637497842128951,0.5455951064823628
SESN2,0.8884418550309717,0.9086484128429879,0.9018920922445377
SESN3,0.3721277241835815,0.025602541705292876,0.4183595832652377
SETD7,0.6972559050594622,0.14162538439645664,0.6556373721499502
SFRP2,0.9658322133411601,0.2608332736302122,0.3510832485623995
SFRP5,0.7104379056033857,0.036101567001608326,0.08280472287716542
SGK1,0.7398266225704486,0.009388799552577543,0.005537124065141453
SGK3,0.31691149415778574,0.3955198359213798,0.8323284921253032
SH2B1,0.8618916498157649,0.20256554205296862,0.1458124962512118
SH2B2,0.7037350827618197,0.1773659186662568,0.3440571331286238
SH2B3,0.6130074293939959,0.9857339445622518,0.1960527078868728
SH2D2A,0.34368463232775176,0.005311578444876556,0.09161522992467618
SHARPIN,0.18583071198422862,0.056129447630376764,0.5327498585890724
SHC1,0.2953098210487758,0.15448308010282477,0.9081632922927728
SHC3,0.6742588869241051,0.2775731443789067,0.2648835306354111
SHISA5,0.8618916498157649,0.09478552049334552,0.5105978764049417
SHOC2,0.5999385400746583,0.5835194549924176,0.7416916359732295
SIAH1,0.2671825440696867,0.34387302155983007,0.9028156931887832
SIK1,0.6683056509199464,0.739801777563655,0.8771233948656261
SIK2,0.1579894011966325,0.22439672645342718,0.6046754231176238
SIKE1,0.8308583759069824,0.6613318357435324,0.6241085407732795
SIN3A,0.5818632745378527,0.8278261226195643,0.29876703428301415
SIPA1,0.9863856554467135,0.3955198359213798,0.10732277662922733
SIPA1L1,0.5054228787904441,0.18001407236755335,0.9020783356199651
SIPA1L2,0.7971263433675312,0.4682010405408621,0.4753130076115748
SIVA1,0.7763146531227555,0.990196607608633,0.7611985316252656
SKAP1,0.3769531020454355,0.7472423856724785,0.33887355262909347
SKP1,0.7232391303239585,0.055961115769587115,0.19133228675706015
SKP2,0.6130074293939959,0.32308385337354867,0.937820256793497
SLC25A4,0.2912438188319573,0.3385668180544036,0.36728477476332816
SLC25A5,0.6365049898184146,0.0686618428147192,0.09803274646070542
SLC25A6,0.16622071114638742,0.07927429318070008,0.6087158166939775
SLC27A1,0.4332410359462483,0.29394832554048067,0.8727698028831478
SLC27A4,0.0009804974134130394,0.0006157130453794011,0.9436488861706913
SLC2A1,0.95349173949055,0.12506964488735559,0.16922746989180779
SLC38A9,0.6365049898184146,0.5274476682203633,0.5568093776410037
SLC3A2,0.8092721364627895,0.7842152427011542,0.10199541834298412
SLC7A5,0.6856730442416888,0.8722964748761118,0.44796394955015906
SLC9A1,0.95349173949055,0.7131247666975574,0.7702709595366005
SMAD1,0.3721277241835815,0.3991411156480604,0.9233792724395709
SMAD2,0.4175313515909899,0.5439475618659491,0.8192561849052553
SMAD3,0.539767148095913,0.10297743357851202,0.27414000007242434
SMAD4,0.6130074293939959,0.046270336881598796,0.22565509348255083
SMAD5,0.2558585644316663,0.44885154429669927,0.4873746262732573
SMAD7,0.08295081588895901,0.026456782344064636,0.9978063053485158
SMAD9,0.6742588869241051,0.49391322998249226,0.5405339095791041
SMPD2,0.8453562790586819,0.4693563481006122,0.8211578914098772
SMURF1,0.47138411339503583,0.05754362052003004,0.01565060039671824
SMURF2,0.5935571421356693,0.14174877105440556,0.8694580624046332
SNW1,0.46045236311082066,0.13722017233988615,0.09260094347439077
SOCS1,0.2558585644316663,0.7071350461871948,0.08068391650900066
SOCS2,0.06636425866715276,0.041902401493558616,0.7489861485725561
SOCS3,0.8933205746772915,0.14341978725677437,0.20195681470316326
SOCS4,0.5999385400746583,0.11904867183801554,0.4564983497046206
SOCS5,0.5341258833439698,0.7772558684942493,0.29263797607267644
SOCS6,0.4659560568284491,0.43157771955631513,0.7870094036998028
SOCS7,0.6856730442416888,0.5847087613337604,0.11007799021703021
SORBS1,0.7398266225704486,0.12025047568577756,0.5797931700994378
SOS1,0.979711249641129,0.6877471554695607,0.6698412032134905
SOS2,0.06379309558365702,0.01654144614592815,0.6341642805888572
SP1,0.9167712700524199,0.7409233460672918,0.44279727903989186
SPHK1,0.8668653636305004,0.39011786911512664,0.04286691253988288
SPHK2,0.0800861350050273,0.017756501509843068,0.8882603470616155
SPOP,0.6551598277788772,0.9983928583556239,0.27972691981141945
SPOPL,0.9809896120107209,0.9114731459829096,0.8197551962150958
SRC,0.7232391303239585,0.17880510269595282,0.03906625567656101
SREBF1,0.8836325288548256,0.8989160386377283,0.811038336158234
SRF,0.5457497412889383,0.07838015589142733,0.31362267304107366
SRSF1,0.4769016720858721,0.33925145844629356,0.7730247030935908
STAM,0.7763146531227555,0.6349089205926093,0.39552884905539326
STAM2,0.6065274896072702,0.2411990741765675,0.6909844144576316
STAT1,0.8711827352213887,0.5334071792091666,0.5164591842852903
STAT2,0.5702699350901674,0.02692936259076807,0.4413514826626273
STAT3,0.8752637771074617,0.7071350461871948,0.3161527675130952
STAT4,0.7971263433675312,0.08125014069425908,0.025214783553705423
STAT5A,0.07715312372370398,0.01704081022942168,0.8631434681318924
STAT5B,0.14571676021270855,0.5207890249269959,0.32398413784297836
STAT6,0.7971263433675312,0.5735351621670052,0.6226125387018117
STEAP3,0.10314332327203482,0.08294663203922499,0.6980913700504499
STIM1,0.32556752345556134,0.08859200246678198,0.6735633916490749
STIM2,0.906668962569541,0.043230790806989626,0.07860874349281975
STING1,0.08151274049826387,0.034303122232626555,0.984053324429022
STK11,0.30815271459063587,0.47696607528859986,0.8525512177002269
STK3,0.9101041900615348,0.06669144541242801,0.29407900282110505
STK4,0.5284242644797617,0.06839759578877605,0.15691947238937462
STMN1,0.6618622454793752,0.028695372866270354,0.1838875460408155
STRADA,0.8792804939196781,0.5245208651073088,0.744018003356801
STRADB,0.3818741781928359,0.08420803322762634,0.5159110097633328
SUCNR1,0.27120714905997395,0.8832265902704085,0.23417438267798876
SUFU,0.6799683835951384,0.1999751544906773,0.8372296342171235
SUGT1,0.4659560568284491,0.21515093798113868,0.9712933723868281
SYK,0.2832829188323762,0.5387900085939062,0.023042947024626476
SYNGAP1,0.24866898169496482,0.13058464267197278,0.8665305032395669
TAB1,0.8668653636305004,0.5332605523025324,0.929997243434897
TAB2,0.16348832636661878,0.16096877683013464,0.5460848394588014
TAB3,0.42268117699741165,0.23758766596837114,0.5920380686919885
TACR1,0.1768655876180201,0.060700973727660854,0.21941463270169018
TACR2,0.9721084008856372,0.13435926865685577,0.13185123541769653
TANK,0.19190499313172463,0.017681916290178814,0.8729839530574995
TAOK1,0.4123187927393588,0.3060706100591391,0.40589071592015336
TAOK2,0.08603241527963895,0.014610911453476823,0.2102286003426321
TAOK3,0.8092721364627895,0.21287392525312293,0.4067742076675493
TBC1D1,0.7452432417596505,0.0674679950681856,0.20905055623619534
TBC1D4,0.5999385400746583,0.11990703713536263,0.01738824734562597
TBC1D7,0.46045236311082066,0.7048132905023495,0.5996182163085872
TBK1,0.5341258833439698,0.08357718697966039,0.5738180889305244
TBKBP1,0.8980798173089741,0.8242549447375281,0.27414000007242434
TBL1X,0.4769016720858721,0.12432426728817933,0.9135988330402433
TBL1XR1,0.1579894011966325,0.01796395104702114,0.42997744211111955
TBXA2R,0.48244414774636185,0.234311469840245,0.13551151257928554
TCF3,0.7917181018905581,0.6100390673891056,0.13741153442535292
TCF7,0.004401049186710696,0.033091040076105444,0.35452880898128586
TCF7L1,0.3125597428453923,0.22700174043421584,0.775293586174736
TCF7L2,0.4437695930512152,0.24666743640797548,0.8577603020169055
TCL1A,0.3484170977760169,0.12290644192787287,0.8023400142314434
TEAD2,0.21047501047038913,0.006716927243732086,0.20016293826686907
TEC,0.3624600981486589,0.547905179738278,0.13318245917430566
TELO2,0.8153282768363468,0.04112858194799692,0.11347737184038272
TF,0.6065274896072702,0.7699098310538349,0.08448396039270893
TFDP1,0.9721084008856372,0.9815596640248992,0.6203250614728735
TFRC,0.27527898237892867,0.22097391767086805,0.5156021692513542
TGFA,0.906668962569541,0.6043837253326225,0.16664992781619176
TGFB1,0.7814868595071947,0.4106111577316333,0.6955424322553165
TGFB3,0.4548053183547849,0.08217124307789536,0.6408094943338181
TGFBR1,0.3969246881851866,0.3017144267974894,0.5315849402849105
TGFBR2,0.906668962569541,0.579028229210737,0.6006423980541247
TGIF1,0.18276464527763955,0.5258832490374985,0.7041636983358857
TGIF2,0.3818741781928359,0.5215768622135288,0.42501861592651374
THBD,0.4123187927393588,0.6039883988141488,0.29462751646593033
THBS1,0.24127131523268452,0.042065556007806454,0.09816452139457807
THBS3,0.7705561074060572,0.48256782444695406,0.9859333966709446
THEM4,0.9134721920827671,0.7806818315281935,0.9768354394351071
THRA,0.8308583759069824,0.07927429318070008,0.015736040575031963
THRB,0.6972559050594622,0.27417989241551005,0.04275379809755668
TIAM1,0.030209649107783298,0.006960940400673608,0.2899120594829129
TICAM1,0.35313468957501737,0.1276116922613285,0.9795328080965623
TICAM2,0.2595235226757511,0.11904867183801554,0.21799727262602422
TIMP1,0.69134350934851,0.18374436599754096,0.18934515481902822
TIRAP,0.8836325288548256,0.8288707552211579,0.4821759120251097
TKFC,0.8400775758556747,0.4262538681545934,0.4736470385010165
TLE1,0.8933205746772915,0.4693563481006122,0.6756177175511042
TLE2,0.8092721364627895,0.3431783693407119,0.28779191183791264
TLE3,0.7917181018905581,0.6536594173785835,0.4452004640457111
TLE4,0.6485106223960626,0.42473334310258265,0.5903776600616882
TLN1,0.9167712700524199,0.4175853244906368,0.5793651435893443
TLN2,0.7343603997047338,0.11746604588209413,0.04667544741382539
TLR1,0.9504086315397045,0.8582396333794953,0.8535685262381336
TLR2,0.3484170977760169,0.02136346452551133,0.10488882210912288
TLR3,0.11448514639432146,0.07631857139296193,0.9708238257661275
TLR4,0.7232391303239585,0.02894370948248787,0.1155532723475225
TLR5,0.9658322133411601,0.2715985195025443,0.3264337961997306
TLR6,0.8261667045097031,0.9496886562210399,0.15014466966455142
TLR7,0.48244414774636185,0.005417645548587052,0.05102780484093846
TLR8,0.4935108967941855,0.027697771124530087,0.08212965642847278
TLR9,0.23755019400177907,0.7881078794642892,0.1436635082739146
TNF,0.8210469451311435,0.5431546209144889,0.4014767789943669
TNFAIP3,0.7705561074060572,0.8066185676119176,0.7501060198730062
TNFRSF10A,0.7452432417596505,0.5601993788922823,0.4813486796547165
TNFRSF10B,0.6972559050594622,0.15340326163513687,0.18042927825098298
TNFRSF11A,0.40705867390666384,0.15403037260921024,0.6756177175511042
TNFRSF13C,0.7866264937657156,0.13882964313702845,0.4119221990234426
TNFRSF1A,0.4437695930512152,0.12633917386164367,0.9638262087852407
TNFRSF1B,0.14571676021270855,0.08090413083907949,0.6171071435863026
TNFSF10,0.4437695930512152,0.647936650800296,0.6851826462666033
TNFSF13B,0.5583798026386823,0.05883585739335893,0.3141564770477699
TNFSF14,0.43854304691845736,0.8239397479564299,0.47609565975078116
TNXB,0.7288641612191982,0.6218775774138712,0.016597025531395845
TOLLIP,0.6065274896072702,0.5196445045992967,0.8032633136589153
TP53,0.9247117509921577,0.7640847037704646,0.5772154870662366
TP53BP1,0.5876375489342285,0.3211648757994383,0.5241440232786474
TP53BP2,0.46045236311082066,0.9949746691555663,0.23628827241738376
TP53I3,0.31691149415778574,0.00194977542445414,0.0701866021460101
TP73,0.14085048571043557,0.6571450225457887,0.08588669063149301
TRADD,0.2595235226757511,0.4976960344871696,0.01052902902740942
TRAF1,0.48244414774636185,0.6800680301915224,0.41535198818048014
TRAF2,0.07279404819707942,0.0004151838880244616,0.02664635054582641
TRAF3,0.4491811448049099,0.28851961817345406,0.31285648845264524
TRAF3IP2,0.9617958625199283,0.9064467671241937,0.9592034616611567
TRAF4,0.9617958625199283,0.23966598523326302,0.4666041726470707
TRAF5,0.9167712700524199,0.3555897534769035,0.36756165742329405
TRAF6,0.9444108155225589,0.8738427298055885,0.6845926605475318
TRIP10,0.18276464527763955,0.37873588063152963,0.6310033100633153
TRIP6,0.7232391303239585,0.2516568795465428,0.56411605333625
TRPC6,0.9658322133411601,0.2732682255663936,0.3124111216118693
TSC1,0.14571676021270855,0.18638864403499653,0.7743756630890535
TSC2,0.30815271459063587,0.22583557953185404,0.3848787945843509
TTI1,0.5583798026386823,0.5211844481131144,0.7511894074293426
TXN,0.7104379056033857,0.7640847037704646,0.4512573714123513
TXN2,0.7452432417596505,0.939123036427926,0.6162371585712036
TXNIP,0.29946077842025876,0.9687219612720551,0.2754602379325351
TYK2,0.8980798173089741,0.9209757158684405,0.8141622803931924
UBC,0.4123187927393588,0.5699847624100434,0.4564983497046206
ULK1,0.8836325288548256,0.9119181050102242,0.5898064629393684
ULK2,0.8308583759069824,0.18934605000615934,0.1882151925161663
USP25,0.24866898169496482,0.013354965066135127,0.08032955318067166
USP7,0.07567113623874455,0.22555051726482672,0.5874482930649702
VANGL1,0.8092721364627895,0.32182705257064853,0.3498682601741366
VASP,0.5341258833439698,0.011794959608475906,0.09773520138704878
VAV1,0.08767983190732925,0.011719058694248937,0.41902477993476483
VAV2,0.2632761704943477,0.1424277120019721,0.7594448858016566
VAV3,0.6130074293939959,0.48611828744328933,0.927661150847187
VDAC1,0.6972559050594622,0.6865966388102983,0.8218244628705209
VDAC2,0.21387372944947905,0.17880510269595282,0.7439460373921486
VDAC3,0.5702699350901674,0.055961115769587115,0.29750800096768076
VEGFA,0.2595235226757511,0.010178304123186889,0.5818007879652354
VEGFB,0.8031115644708559,0.603214225759704,0.7239962910541359
VHL,0.976214582124604,0.9650415905194836,0.9934647553323206
VWF,0.9206704006166305,0.15191743843802,0.007331570263109202
WAS,0.27120714905997395,0.03283127135542167,0.07308715876409082
WDR24,0.4019004035471444,0.8639009918107853,0.2874273832752852
WDR59,0.6307086214920312,0.06734343157380253,0.008747551092335274
WNT1,0.9888252067913242,0.7881078794642892,0.872228009304504
WNT10A,0.9898915418139222,0.6475535268693725,0.6972801637760601
WNT10B,0.4548053183547849,0.45660764338949883,0.6115337835235048
WNT16,0.8210469451311435,0.21011441855767582,0.06720804911874197
WNT2B,0.9742228429184558,0.777527272218644,0.8445323083493418
WNT3,0.42268117699741165,0.44901016088918305,0.8476508777889101
WNT4,0.6365049898184146,0.3741498720286302,0.6805468787591887
WNT7A,0.7577782104428301,0.8364192245347525,0.8084365519278661
XCL1,0.9391369982164172,0.1252530563672661,0.004353808130365517
XCL2,0.2522532147889991,0.15733810913667148,0.9330346502212689
XIAP,0.5999385400746583,0.018983582294888418,0.035864637420427524
YWHAB,0.27120714905997395,0.3675776025305115,0.33611454237899796
YWHAE,0.4175313515909899,0.3185589895812483,0.7964075193770194
YWHAG,0.2953098210487758,0.04128337646874696,0.7233767195642455
YWHAH,0.1768655876180201,0.03152594550735055,0.7467444534383074
YWHAQ,0.993010979560727,0.633749930581126,0.389559141247098
YWHAZ,0.4332410359462483,0.7116185113086668,0.5067406339221424
ZAP70,0.7288641612191982,0.14023541240483703,0.5421497954761528
ZFYVE16,0.6799683835951384,0.5554535392618712,0.1638352628872125
ZFYVE9,0.9676770721842997,0.20957903925257088,0.19463762419304592
ZMAT3,0.4548053183547849,0.02963612973844312,0.018041542304054782
ZNF274,0.4879508012158093,0.20872466080902172,0.04929352650451165
ZNRF3,0.1383880197722755,0.2238337864487993,0.20478996791918966
