From,To
14,795
14,796
14,797
14,1239
15,795
15,796
15,797
15,1239
16,19
16,124
16,731
16,733
16,734
16,735
16,736
16,737
16,813
16,1195
16,1196
16,1197
16,1199
16,1201
17,1196
17,1197
18,1196
18,1197
19,1196
19,1197
20,1196
20,1197
21,838
21,839
21,840
22,999
22,1000
23,999
23,1000
24,999
24,1000
25,999
25,1000
26,999
26,1000
28,147
28,953
28,1238
29,147
29,953
29,1238
30,466
30,468
30,469
31,466
31,468
31,469
32,464
32,465
33,460
33,461
33,462
33,468
33,1339
34,464
34,465
34,466
34,469
35,464
35,465
35,466
35,469
36,279
36,1178
37,910
37,911
37,912
37,914
37,915
37,916
38,297
38,321
38,627
38,910
38,911
38,912
38,914
38,915
38,916
38,933
38,934
38,935
38,936
38,937
38,938
38,939
38,940
38,1008
39,98
39,99
39,290
39,291
39,393
39,496
39,685
39,686
39,687
39,688
41,1040
42,43
42,69
42,70
42,71
42,103
42,108
42,129
42,162
42,215
42,216
42,227
42,249
42,250
42,251
42,252
42,253
42,429
42,430
42,431
42,498
42,499
42,549
42,551
42,710
42,723
42,726
42,731
42,737
42,752
42,789
42,819
42,821
42,822
42,823
42,837
42,844
42,872
42,887
42,960
42,961
42,962
42,966
42,967
42,968
42,969
42,1054
42,1092
42,1259
42,1260
42,1340
42,1341
43,369
43,789
43,1121
43,1122
43,1123
43,1348
44,43
44,69
44,70
44,71
44,103
44,108
44,129
44,162
44,215
44,216
44,227
44,249
44,250
44,251
44,252
44,253
44,429
44,430
44,431
44,498
44,499
44,549
44,551
44,710
44,723
44,726
44,731
44,737
44,752
44,789
44,819
44,821
44,822
44,823
44,837
44,844
44,872
44,887
44,960
44,961
44,962
44,966
44,967
44,968
44,969
44,1054
44,1092
44,1259
44,1260
44,1340
44,1341
45,43
45,69
45,70
45,71
45,103
45,108
45,129
45,162
45,215
45,216
45,227
45,249
45,250
45,251
45,252
45,253
45,429
45,430
45,431
45,498
45,499
45,549
45,551
45,710
45,723
45,726
45,731
45,737
45,752
45,789
45,819
45,821
45,822
45,823
45,837
45,844
45,872
45,887
45,960
45,961
45,962
45,966
45,967
45,968
45,969
45,1054
45,1092
45,1259
45,1260
45,1340
45,1341
49,560
49,562
49,1312
49,1336
50,259
50,381
50,410
50,411
50,419
50,420
50,422
50,546
50,585
50,641
50,880
51,259
51,381
51,410
51,411
51,419
51,420
51,422
51,546
51,585
51,641
51,880
52,162
53,390
53,893
53,894
53,1300
53,1301
53,1353
54,100
54,101
54,277
54,345
54,346
54,347
54,1183
54,1267
55,54
55,100
55,101
55,277
55,345
55,346
55,347
55,1183
55,1267
56,57
56,838
56,839
56,840
56,1019
56,1020
56,1021
57,838
57,839
57,840
58,707
58,708
59,1101
60,941
60,942
61,941
61,942
61,1052
62,1101
63,1101
64,522
64,644
64,786
64,845
64,1101
64,1128
64,1129
65,46
65,47
65,50
65,51
65,108
65,215
65,216
65,359
65,376
65,377
65,378
65,419
65,454
65,513
65,514
65,515
65,516
65,519
65,666
65,667
65,699
65,837
65,883
65,888
65,890
65,891
65,892
65,896
65,1154
65,1190
65,1274
65,1276
65,1293
65,1360
66,67
66,179
66,180
66,181
66,182
66,183
66,184
66,185
66,186
66,187
66,188
66,284
66,290
66,291
66,292
66,293
66,294
66,295
66,459
66,483
67,179
67,180
67,181
67,182
67,183
67,184
67,185
67,186
67,187
67,188
67,284
67,290
67,291
67,292
67,293
67,294
67,295
67,459
67,483
68,1137
68,1138
69,70
69,108
69,246
69,247
69,251
69,252
69,253
69,254
69,257
69,379
69,444
69,751
69,868
69,1174
69,1360
69,1361
70,108
70,246
70,247
70,251
70,253
70,444
70,751
70,868
70,1174
70,1360
70,1361
71,108
71,751
71,1360
71,1361
72,74
72,447
72,448
72,449
72,749
73,72
73,74
73,447
73,448
73,449
74,72
74,447
74,448
74,449
74,749
75,225
75,1324
85,655
85,656
85,657
85,658
85,659
86,655
86,656
86,657
86,658
86,659
87,655
87,656
87,657
87,658
87,659
88,655
88,656
88,657
88,658
88,659
89,655
89,656
89,657
89,658
89,659
90,655
90,656
90,657
90,658
90,659
91,655
91,656
91,657
91,658
91,659
92,655
92,656
92,657
92,658
92,659
93,655
93,656
93,657
93,658
93,659
94,655
94,656
94,657
94,658
94,659
95,1324
96,1087
97,1087
98,460
98,461
98,462
98,463
98,468
98,469
98,933
98,934
98,935
99,461
99,462
99,469
99,933
99,934
99,935
100,54
100,55
100,101
100,266
100,277
100,345
100,346
100,347
100,499
100,1267
101,54
101,55
101,266
101,277
101,345
101,346
101,347
101,499
101,1267
102,551
102,1262
103,108
103,110
105,157
106,1324
107,161
107,227
107,549
107,551
107,703
107,725
107,731
107,732
107,733
107,734
107,735
107,736
107,737
107,740
107,743
107,910
107,911
107,912
107,914
107,915
107,916
108,105
108,157
108,827
108,1324
110,105
110,827
112,568
112,819
114,447
114,448
114,449
115,1379
116,105
116,298
117,1105
117,1106
117,1332
118,1105
118,1106
118,1332
119,131
119,486
119,940
120,16
120,123
120,124
121,123
121,124
122,123
122,124
123,19
123,124
123,731
123,733
123,734
123,735
123,736
123,737
123,813
123,1195
123,1199
123,1201
124,731
124,733
124,734
124,735
124,736
124,737
124,1195
124,1199
124,1201
126,642
127,707
127,708
128,648
130,829
131,227
131,549
131,551
131,939
131,940
132,277
132,459
132,1183
133,134
133,996
133,997
133,998
133,1001
133,1002
133,1238
133,1242
133,1243
134,996
134,997
134,998
134,1001
134,1002
134,1242
137,1183
138,22
138,23
138,24
138,25
138,26
138,139
138,140
138,141
138,142
138,143
138,144
138,145
138,146
138,147
138,798
138,799
138,837
138,870
138,985
138,986
138,987
138,988
138,1041
138,1042
138,1043
138,1074
138,1075
139,22
139,23
139,24
139,25
139,26
139,140
139,141
139,142
139,143
139,144
139,145
139,146
139,147
139,798
139,799
139,837
139,870
139,985
139,986
139,987
139,988
139,1041
139,1042
139,1043
139,1074
139,1075
140,22
140,23
140,24
140,25
140,26
140,141
140,142
140,143
140,144
140,145
140,146
140,147
140,798
140,799
140,837
140,870
140,985
140,986
140,987
140,988
140,1041
140,1042
140,1043
140,1074
140,1075
141,22
141,23
141,24
141,25
141,26
141,142
141,143
141,144
141,145
141,146
141,147
141,798
141,799
141,837
141,870
141,985
141,986
141,987
141,988
141,1041
141,1042
141,1043
141,1074
141,1075
142,138
142,139
142,140
142,141
142,837
143,138
143,139
143,140
143,141
143,837
144,22
144,23
144,24
144,25
144,26
144,70
144,138
144,139
144,140
144,141
144,254
144,379
144,429
144,837
144,871
144,872
144,873
144,874
144,875
145,22
145,23
145,24
145,25
145,26
145,70
145,138
145,139
145,140
145,141
145,254
145,379
145,429
145,837
145,871
145,872
145,873
145,874
145,875
146,22
146,23
146,24
146,25
146,26
146,70
146,138
146,139
146,140
146,141
146,508
146,509
146,837
146,871
146,872
146,873
146,874
146,875
147,996
147,997
147,998
147,1001
147,1002
149,107
149,551
151,155
152,1106
154,107
154,161
154,227
154,549
154,551
154,731
154,732
154,733
154,734
154,735
154,736
154,737
154,740
154,743
154,910
154,911
154,912
154,914
154,915
154,916
154,1106
155,497
155,563
155,564
156,157
156,160
156,227
156,549
156,551
157,714
157,858
157,859
157,1239
157,1240
158,497
159,497
161,155
161,156
161,157
161,160
161,227
161,395
161,549
161,551
161,1040
162,157
163,164
163,775
163,1151
163,1152
163,1365
163,1366
167,233
167,438
167,663
167,1247
167,1384
168,179
168,180
168,181
168,182
168,183
168,184
168,185
168,186
168,187
168,188
168,284
168,290
168,291
168,292
168,293
168,294
168,295
169,179
169,180
169,181
169,182
169,183
169,184
169,185
169,186
169,187
169,188
169,284
169,290
169,291
169,292
169,293
169,294
169,295
170,179
170,180
170,181
170,182
170,183
170,184
170,185
170,186
170,187
170,188
170,284
170,290
170,291
170,292
170,293
170,294
170,295
171,179
171,180
171,181
171,182
171,183
171,184
171,185
171,186
171,187
171,188
171,284
171,290
171,291
171,292
171,293
171,294
171,295
172,179
172,180
172,181
172,182
172,183
172,184
172,185
172,186
172,187
172,188
172,284
172,290
172,291
172,292
172,293
172,294
172,295
173,179
173,180
173,181
173,182
173,183
173,184
173,185
173,186
173,187
173,188
173,284
173,290
173,291
173,292
173,293
173,294
173,295
174,175
174,176
175,176
179,464
179,465
179,468
179,627
179,628
180,464
180,465
180,468
180,627
180,628
181,464
181,465
181,468
181,627
181,628
182,464
182,465
182,468
182,627
182,628
183,464
183,465
183,468
183,627
183,628
184,464
184,465
184,468
184,627
184,628
185,464
185,465
185,468
185,627
185,628
186,464
186,465
186,468
186,627
186,628
187,464
187,465
187,468
187,627
187,628
188,464
188,465
188,468
188,627
188,628
189,1249
189,1305
190,910
190,911
190,912
190,914
190,915
190,916
190,1354
190,1355
190,1356
192,438
193,486
193,910
193,911
193,912
193,914
193,915
193,916
196,438
197,663
198,1331
198,1332
198,1336
199,198
206,663
207,663
209,42
209,44
209,45
209,524
209,525
209,526
210,14
210,15
210,714
210,723
210,732
210,733
210,734
210,735
210,736
210,740
210,743
210,858
210,859
210,863
210,864
210,865
210,866
210,1011
210,1013
210,1290
210,1364
211,1062
212,174
212,175
212,176
212,213
212,214
212,429
212,430
212,431
213,174
213,175
213,176
213,214
214,174
214,175
214,176
215,174
215,175
215,176
215,212
215,213
215,214
216,174
216,175
216,176
216,212
216,213
216,214
217,752
221,285
221,286
221,288
221,289
221,664
221,782
221,790
221,1029
221,1139
221,1140
221,1311
222,161
223,601
223,602
223,603
223,604
223,605
223,606
223,607
223,608
223,609
223,612
223,613
223,615
223,616
223,617
223,618
223,619
223,1030
224,277
225,1324
226,466
226,469
227,429
227,430
227,431
227,549
227,551
227,596
227,598
227,599
227,789
227,819
227,820
227,821
227,822
227,823
227,1027
227,1092
227,1093
228,810
228,1087
229,1016
229,1227
229,1228
229,1229
229,1230
229,1231
229,1232
229,1233
230,1247
231,407
232,231
232,407
233,694
233,1247
235,464
235,465
235,467
236,260
236,261
236,262
236,380
236,540
236,541
236,542
236,543
236,545
236,552
236,553
236,554
236,555
236,556
236,557
236,559
236,567
236,570
236,571
236,572
236,573
236,574
236,575
236,576
236,577
236,578
236,580
236,669
236,785
236,855
236,880
236,1016
237,601
237,602
237,603
237,604
237,605
237,606
237,607
237,608
237,609
237,612
237,613
237,615
237,616
237,617
237,618
237,619
237,1030
238,601
238,602
238,603
238,604
238,605
238,606
238,607
238,608
238,609
238,612
238,613
238,615
238,616
238,617
238,618
238,619
238,1030
239,601
239,602
239,603
239,604
239,605
239,606
239,607
239,608
239,609
239,612
239,613
239,615
239,616
239,617
239,618
239,619
239,1030
240,601
240,602
240,603
240,604
240,605
240,606
240,607
240,608
240,609
240,612
240,613
240,615
240,616
240,617
240,618
240,619
240,1030
241,601
241,602
241,603
241,604
241,605
241,606
241,607
241,608
241,609
241,612
241,613
241,615
241,616
241,617
241,618
241,619
241,1030
242,601
242,602
242,603
242,604
242,605
242,606
242,607
242,608
242,609
242,612
242,613
242,615
242,616
242,617
242,618
242,619
242,1030
243,601
243,602
243,603
243,604
243,605
243,606
243,607
243,608
243,609
243,612
243,613
243,615
243,616
243,617
243,618
243,619
243,1030
244,601
244,602
244,603
244,604
244,605
244,606
244,607
244,608
244,609
244,612
244,613
244,615
244,616
244,617
244,618
244,619
244,1030
249,69
249,70
249,108
249,246
249,247
249,251
249,252
249,253
249,254
249,257
249,379
249,427
249,444
249,630
249,751
249,868
249,1174
249,1360
249,1361
250,69
250,70
250,108
250,246
250,247
250,249
250,251
250,252
250,253
250,254
250,257
250,379
250,427
250,444
250,630
250,751
250,868
250,1174
250,1360
250,1361
251,108
251,246
251,247
251,253
251,257
251,427
251,444
251,630
251,751
251,868
251,1174
251,1360
251,1361
252,70
252,108
252,246
252,247
252,251
252,253
252,257
252,379
252,427
252,444
252,630
252,751
252,868
252,1174
252,1360
252,1361
253,108
253,246
253,247
253,257
253,427
253,444
253,630
253,751
253,868
253,1174
253,1360
253,1361
254,46
254,47
254,50
254,51
254,65
254,70
254,108
254,215
254,216
254,218
254,246
254,247
254,251
254,252
254,253
254,257
254,359
254,376
254,377
254,378
254,379
254,419
254,444
254,454
254,512
254,513
254,514
254,515
254,516
254,519
254,632
254,633
254,666
254,667
254,668
254,699
254,704
254,705
254,706
254,806
254,808
254,837
254,868
254,883
254,888
254,890
254,891
254,892
254,896
254,1087
254,1134
254,1135
254,1154
254,1174
254,1190
254,1216
254,1227
254,1228
254,1229
254,1230
254,1231
254,1232
254,1233
254,1267
254,1268
254,1269
254,1274
254,1276
254,1288
254,1289
254,1293
254,1360
255,0
255,1
255,256
255,1030
255,1039
255,1062
255,1102
256,0
256,1
256,1030
256,1039
256,1062
256,1102
257,42
257,44
257,45
257,70
257,246
257,247
257,251
257,253
257,379
257,444
257,868
257,1174
258,259
258,381
258,410
258,411
258,419
258,420
258,422
258,546
258,585
258,641
258,880
259,255
259,256
259,486
259,598
259,933
259,934
259,935
259,1169
259,1170
260,626
260,627
260,628
260,1346
261,626
261,627
261,628
261,1346
262,380
262,540
262,541
262,571
262,572
262,573
262,574
262,575
262,577
262,580
262,626
262,627
262,628
262,855
262,1016
262,1346
263,100
263,101
263,277
264,100
264,101
264,277
265,266
265,345
265,346
265,347
265,499
266,345
266,346
266,347
266,429
266,430
266,431
266,499
266,815
270,821
271,821
272,821
273,274
273,505
273,506
273,668
273,1087
273,1267
273,1268
273,1269
274,505
274,506
274,668
274,1087
274,1267
274,1268
274,1269
276,1378
276,1379
276,1380
276,1381
276,1382
276,1383
277,54
277,100
277,101
277,211
277,668
277,702
277,1266
277,1267
277,1268
277,1269
278,277
279,211
280,829
281,116
282,132
282,405
282,459
282,1088
282,1196
282,1197
283,459
283,1219
283,1220
283,1245
284,464
284,465
284,468
284,627
284,628
285,179
285,180
285,181
285,182
285,183
285,184
285,185
285,186
285,187
285,188
285,284
285,290
285,291
285,292
285,293
285,294
285,295
286,179
286,180
286,181
286,182
286,183
286,184
286,185
286,186
286,187
286,188
286,284
286,290
286,291
286,292
286,293
286,294
286,295
287,179
287,180
287,181
287,182
287,183
287,184
287,185
287,186
287,187
287,188
287,284
287,290
287,291
287,292
287,293
287,294
287,295
288,179
288,180
288,181
288,182
288,183
288,184
288,185
288,186
288,187
288,188
288,284
288,290
288,291
288,292
288,293
288,294
288,295
289,98
289,99
289,179
289,180
289,181
289,182
289,183
289,184
289,185
289,186
289,187
289,188
289,284
289,290
289,291
289,292
289,293
289,294
289,295
289,393
289,496
289,685
289,686
289,687
289,688
290,461
290,462
290,464
290,465
290,468
290,469
290,627
290,628
290,933
290,934
290,935
291,461
291,462
291,464
291,465
291,468
291,469
291,627
291,628
291,933
291,934
291,935
292,464
292,465
292,468
292,627
292,628
293,460
293,463
293,464
293,465
293,468
293,627
293,628
294,464
294,465
294,468
294,627
294,628
295,464
295,465
295,468
295,627
295,628
297,296
298,162
299,112
299,1336
301,460
301,463
301,468
302,460
302,463
302,468
303,60
304,60
305,60
306,60
307,345
307,346
307,347
308,345
308,346
308,347
309,732
309,740
309,743
310,1052
310,1053
311,723
313,815
316,1260
316,1340
316,1341
317,1261
318,1124
318,1125
319,749
320,539
321,210
321,1052
322,323
322,324
322,325
322,683
322,684
322,733
322,734
322,735
322,736
322,1150
323,324
323,325
323,683
323,684
323,1150
324,325
324,683
324,684
324,1150
326,838
326,839
326,840
328,373
328,1052
328,1053
329,1059
329,1060
335,731
335,737
336,731
336,732
336,733
336,734
336,735
336,736
336,737
336,740
336,743
337,731
337,732
337,733
337,734
337,735
337,736
337,737
337,740
337,743
338,731
338,732
338,733
338,734
338,735
338,736
338,737
338,740
338,743
339,731
339,732
339,733
339,734
339,735
339,736
339,737
339,740
339,743
340,731
340,732
340,733
340,734
340,735
340,736
340,737
340,740
340,743
341,731
341,732
341,733
341,734
341,735
341,736
341,737
341,740
341,743
342,731
342,737
343,731
343,732
343,733
343,734
343,735
343,736
343,737
343,740
343,743
344,731
344,732
344,733
344,734
344,735
344,736
344,737
344,740
344,743
345,270
345,271
345,272
345,346
345,347
345,499
345,838
345,839
345,840
345,994
345,995
345,1052
345,1053
345,1352
346,270
346,271
346,272
346,347
346,499
346,838
346,839
346,840
346,994
346,995
346,1052
346,1053
346,1352
347,270
347,271
347,272
347,499
347,838
347,839
347,840
347,994
347,995
347,1052
347,1053
347,1352
348,349
348,792
348,1085
348,1275
349,792
349,1085
349,1275
351,1336
352,353
353,354
354,1336
356,355
358,259
358,381
358,410
358,411
358,419
358,420
358,422
358,546
358,585
358,641
358,880
359,259
359,260
359,261
359,262
359,380
359,381
359,410
359,411
359,419
359,420
359,422
359,540
359,541
359,542
359,543
359,545
359,546
359,552
359,553
359,554
359,555
359,556
359,557
359,559
359,567
359,570
359,571
359,572
359,573
359,574
359,575
359,576
359,577
359,578
359,580
359,585
359,641
359,669
359,785
359,855
359,880
359,1016
360,512
361,512
362,512
369,367
369,368
370,174
371,372
371,427
371,1223
372,427
372,1223
373,1052
373,1053
374,512
374,1088
374,1362
375,374
375,512
375,1088
375,1362
379,46
379,47
379,50
379,51
379,65
379,70
379,108
379,215
379,216
379,218
379,246
379,247
379,251
379,253
379,359
379,376
379,377
379,378
379,419
379,444
379,454
379,512
379,513
379,514
379,515
379,516
379,519
379,632
379,633
379,666
379,667
379,668
379,699
379,704
379,705
379,706
379,806
379,808
379,837
379,868
379,883
379,888
379,890
379,891
379,892
379,896
379,1087
379,1134
379,1135
379,1154
379,1174
379,1190
379,1216
379,1227
379,1228
379,1229
379,1230
379,1231
379,1232
379,1233
379,1267
379,1268
379,1269
379,1274
379,1276
379,1288
379,1289
379,1293
379,1360
380,540
380,541
380,571
380,572
380,573
380,574
380,575
380,577
380,580
380,626
380,627
380,628
380,855
380,1016
380,1346
381,486
381,598
381,707
381,708
381,910
381,911
381,912
381,914
381,915
381,916
381,939
381,940
381,1169
381,1170
382,834
383,259
383,381
383,410
383,411
383,419
383,420
383,422
383,546
383,585
383,641
383,880
384,108
384,281
384,350
384,385
384,427
384,630
384,646
384,647
384,806
384,808
384,1066
384,1216
384,1221
384,1277
385,108
385,281
385,350
385,427
385,630
385,646
385,647
385,806
385,808
385,1066
385,1216
385,1221
385,1277
388,357
389,357
389,388
390,14
390,15
391,1261
392,1102
393,460
393,461
393,462
393,463
393,468
393,469
393,470
393,471
393,472
393,474
393,475
393,476
393,477
393,478
393,479
393,686
393,687
393,913
393,918
393,919
393,933
393,934
393,935
394,468
394,469
395,156
395,157
395,161
397,210
398,311
399,398
401,815
405,132
405,277
405,282
405,459
405,1183
406,407
406,438
406,787
406,1247
407,231
407,438
407,1247
409,464
409,465
410,255
410,256
410,486
410,522
410,598
410,644
410,845
410,910
410,911
410,912
410,914
410,915
410,916
410,933
410,934
410,935
410,939
410,940
410,1169
410,1170
411,255
411,256
411,486
411,522
411,598
411,644
411,845
411,910
411,911
411,912
411,914
411,915
411,916
411,933
411,934
411,935
411,939
411,940
411,1169
411,1170
412,328
412,373
412,620
412,910
412,911
412,912
412,913
412,914
412,915
412,916
412,918
412,919
412,1030
412,1031
412,1169
412,1170
413,1227
413,1228
413,1229
413,1230
413,1231
413,1232
413,1233
414,425
414,426
414,1124
414,1125
414,1126
414,1127
419,255
419,256
419,486
419,598
419,933
419,934
419,935
419,939
419,940
419,1169
419,1170
420,486
420,598
420,1169
420,1170
421,259
421,381
421,410
421,411
421,419
421,420
421,422
421,546
421,585
421,641
421,880
422,255
422,256
422,486
422,598
422,933
422,934
422,935
422,939
422,940
422,1169
422,1170
423,1278
423,1279
424,601
424,602
424,603
424,604
424,605
424,606
424,607
424,608
424,609
424,612
424,613
424,615
424,616
424,617
424,618
424,619
424,1030
425,414
425,1124
425,1125
425,1126
425,1127
426,414
426,425
426,1124
426,1125
426,1126
426,1127
427,169
427,170
427,171
427,172
427,173
427,174
427,213
427,285
427,286
427,288
427,289
427,564
427,664
427,782
427,790
427,1029
427,1139
427,1140
427,1311
428,285
428,286
428,288
428,289
428,564
428,664
428,782
428,790
428,1029
428,1139
428,1140
428,1311
429,72
429,75
429,111
429,113
429,125
429,165
429,174
429,175
429,178
429,215
429,216
429,218
429,219
429,246
429,247
429,399
429,402
429,403
429,404
429,444
429,447
429,448
429,449
429,451
429,452
429,580
429,642
429,868
429,946
429,947
429,1086
429,1141
429,1144
429,1319
430,72
430,75
430,111
430,113
430,125
430,165
430,174
430,175
430,178
430,215
430,216
430,218
430,219
430,399
430,403
430,404
430,444
430,447
430,448
430,449
430,451
430,452
430,453
430,580
430,642
430,868
430,946
430,947
430,1086
430,1141
430,1144
430,1319
431,72
431,75
431,111
431,113
431,125
431,165
431,174
431,175
431,178
431,215
431,216
431,218
431,219
431,399
431,403
431,404
431,444
431,447
431,448
431,449
431,451
431,452
431,580
431,642
431,868
431,946
431,947
431,1086
431,1141
431,1144
431,1319
432,468
432,469
433,345
433,346
433,347
434,345
434,346
434,347
435,255
435,256
437,665
437,1182
438,446
438,663
438,1384
439,345
439,346
439,347
439,443
439,692
439,693
439,933
439,934
439,935
439,1114
439,1136
440,345
440,346
440,347
440,439
440,441
440,442
440,443
440,692
440,693
440,933
440,934
440,935
440,1114
440,1136
441,345
441,346
441,347
441,439
441,443
441,692
441,693
441,933
441,934
441,935
441,1114
441,1136
442,345
442,346
442,347
442,439
442,441
442,443
442,692
442,693
442,933
442,934
442,935
442,1114
442,1136
443,345
443,346
443,347
443,692
443,693
443,933
443,934
443,935
443,1114
443,1136
445,910
445,911
445,912
445,914
445,915
445,916
445,1214
445,1215
446,910
446,911
446,912
446,914
446,915
446,916
446,1214
446,1215
450,464
450,465
450,467
451,722
452,722
455,123
455,124
456,35
456,409
456,450
456,502
456,503
456,1244
457,469
459,108
459,174
459,175
459,1024
459,1025
459,1245
460,933
460,934
460,935
461,1031
461,1068
461,1101
462,146
462,913
462,918
462,919
462,1101
463,933
463,934
463,935
464,22
464,23
464,24
464,25
464,26
464,412
464,470
464,471
464,472
464,473
464,474
464,475
464,476
464,477
464,478
464,479
464,504
464,522
464,635
464,644
464,701
464,837
464,845
464,910
464,911
464,912
464,913
464,914
464,915
464,916
464,918
464,919
464,933
464,934
464,935
464,1010
464,1221
465,22
465,23
465,24
465,25
465,26
465,412
465,470
465,471
465,472
465,473
465,474
465,475
465,476
465,477
465,478
465,479
465,504
465,522
465,635
465,644
465,701
465,837
465,845
465,910
465,911
465,912
465,913
465,914
465,915
465,916
465,918
465,919
465,933
465,934
465,935
465,1010
465,1221
466,22
466,23
466,24
466,25
466,26
467,22
467,23
467,24
467,25
467,26
467,470
467,471
467,472
467,473
467,474
467,475
467,476
467,477
467,478
467,479
467,635
467,913
467,918
467,919
467,933
467,934
467,935
467,1221
468,522
468,634
468,644
468,786
468,845
468,933
468,934
468,935
468,939
468,940
468,996
468,997
468,998
468,1001
468,1002
468,1128
468,1129
469,22
469,23
469,24
469,25
469,26
469,470
469,471
469,472
469,473
469,474
469,475
469,476
469,477
469,478
469,479
469,1221
470,22
470,23
470,24
470,25
470,26
470,146
470,471
470,472
470,474
470,475
470,476
470,477
470,478
470,479
470,522
470,644
470,686
470,687
470,786
470,845
470,910
470,911
470,912
470,913
470,914
470,915
470,916
470,918
470,919
470,933
470,934
470,935
470,939
470,940
470,993
470,996
470,997
470,998
470,1001
470,1002
470,1010
470,1074
470,1075
470,1128
470,1129
471,22
471,23
471,24
471,25
471,26
471,146
471,472
471,474
471,475
471,476
471,477
471,478
471,479
471,522
471,644
471,686
471,687
471,786
471,845
471,910
471,911
471,912
471,913
471,914
471,915
471,916
471,918
471,919
471,933
471,934
471,935
471,939
471,940
471,993
471,996
471,997
471,998
471,1001
471,1002
471,1010
471,1074
471,1075
471,1128
471,1129
472,22
472,23
472,24
472,25
472,26
472,146
472,522
472,644
472,686
472,786
472,845
472,910
472,911
472,912
472,913
472,914
472,915
472,916
472,918
472,919
472,933
472,934
472,935
472,939
472,940
472,993
472,996
472,997
472,998
472,1001
472,1002
472,1010
472,1074
472,1075
472,1128
472,1129
473,22
473,23
473,24
473,25
473,26
473,146
473,393
473,470
473,471
473,472
473,474
473,475
473,476
473,477
473,478
473,479
473,522
473,644
473,685
473,686
473,687
473,786
473,845
473,910
473,911
473,912
473,913
473,914
473,915
473,916
473,918
473,919
473,933
473,934
473,935
473,939
473,940
473,993
473,996
473,997
473,998
473,1001
473,1002
473,1010
473,1074
473,1075
473,1128
473,1129
474,22
474,23
474,24
474,25
474,26
474,146
474,472
474,475
474,476
474,479
474,522
474,644
474,686
474,687
474,786
474,845
474,910
474,911
474,912
474,913
474,914
474,915
474,916
474,918
474,919
474,933
474,934
474,935
474,939
474,940
474,993
474,996
474,997
474,998
474,1001
474,1002
474,1010
474,1074
474,1075
474,1128
474,1129
475,22
475,23
475,24
475,25
475,26
475,146
475,472
475,476
475,479
475,522
475,644
475,686
475,687
475,786
475,845
475,910
475,911
475,912
475,913
475,914
475,915
475,916
475,918
475,919
475,933
475,934
475,935
475,939
475,940
475,993
475,996
475,997
475,998
475,1001
475,1002
475,1010
475,1074
475,1075
475,1128
475,1129
476,22
476,23
476,24
476,25
476,26
476,146
476,472
476,522
476,644
476,686
476,687
476,786
476,845
476,910
476,911
476,912
476,913
476,914
476,915
476,916
476,918
476,919
476,933
476,934
476,935
476,939
476,940
476,993
476,996
476,997
476,998
476,1001
476,1002
476,1010
476,1074
476,1075
476,1128
476,1129
477,22
477,23
477,24
477,25
477,26
477,146
477,472
477,474
477,475
477,476
477,478
477,479
477,522
477,644
477,686
477,687
477,786
477,845
477,910
477,911
477,912
477,913
477,914
477,915
477,916
477,918
477,919
477,933
477,934
477,935
477,939
477,940
477,993
477,996
477,997
477,998
477,1001
477,1002
477,1010
477,1074
477,1075
477,1128
477,1129
478,22
478,23
478,24
478,25
478,26
478,146
478,472
478,474
478,475
478,476
478,479
478,522
478,644
478,686
478,687
478,786
478,845
478,910
478,911
478,912
478,913
478,914
478,915
478,916
478,918
478,919
478,933
478,934
478,935
478,939
478,940
478,993
478,996
478,997
478,998
478,1001
478,1002
478,1010
478,1074
478,1075
478,1128
478,1129
479,22
479,23
479,24
479,25
479,26
479,146
479,472
479,476
479,522
479,644
479,686
479,687
479,786
479,845
479,910
479,911
479,912
479,913
479,914
479,915
479,916
479,918
479,919
479,933
479,934
479,935
479,939
479,940
479,993
479,996
479,997
479,998
479,1001
479,1002
479,1010
479,1074
479,1075
479,1128
479,1129
480,481
481,460
481,468
481,469
482,469
484,665
485,546
485,585
486,259
486,381
486,410
486,411
486,419
486,420
486,422
486,445
486,446
486,546
486,585
486,641
486,660
486,707
486,708
486,880
486,1033
486,1169
486,1170
486,1214
486,1215
490,179
490,180
490,181
490,182
490,183
490,184
490,185
490,186
490,187
490,188
490,263
490,264
490,265
490,266
490,267
490,268
490,269
490,284
490,290
490,291
490,292
490,293
490,294
490,295
491,179
491,180
491,181
491,182
491,183
491,184
491,185
491,186
491,187
491,188
491,263
491,264
491,265
491,266
491,267
491,268
491,269
491,284
491,290
491,291
491,292
491,293
491,294
491,295
492,179
492,180
492,181
492,182
492,183
492,184
492,185
492,186
492,187
492,188
492,284
492,290
492,291
492,292
492,293
492,294
492,295
493,179
493,180
493,181
493,182
493,183
493,184
493,185
493,186
493,187
493,188
493,284
493,290
493,291
493,292
493,293
493,294
493,295
494,179
494,180
494,181
494,182
494,183
494,184
494,185
494,186
494,187
494,188
494,284
494,290
494,291
494,292
494,293
494,294
494,295
495,179
495,180
495,181
495,182
495,183
495,184
495,185
495,186
495,187
495,188
495,284
495,290
495,291
495,292
495,293
495,294
495,295
496,461
496,462
496,469
496,933
496,934
496,935
497,829
499,54
499,55
499,100
499,101
499,174
499,221
499,277
499,433
499,434
499,501
499,792
499,816
499,817
499,818
499,1260
499,1340
499,1341
502,464
502,465
503,464
503,465
504,328
504,373
504,620
504,910
504,911
504,912
504,913
504,914
504,915
504,916
504,918
504,919
504,1030
504,1031
504,1169
504,1170
505,228
505,506
505,507
505,809
505,810
505,1087
505,1134
505,1135
505,1288
505,1289
505,1296
505,1297
505,1298
505,1299
506,228
506,507
506,809
506,810
506,1087
506,1134
506,1135
506,1288
506,1289
506,1296
506,1297
506,1298
506,1299
507,809
507,1134
507,1135
507,1288
507,1289
508,126
508,767
508,768
508,769
508,770
509,126
509,767
509,768
509,769
509,770
511,259
511,381
511,410
511,411
511,419
511,420
511,422
511,546
511,585
511,641
511,880
512,46
512,47
512,50
512,51
512,65
512,108
512,215
512,216
512,359
512,376
512,377
512,378
512,419
512,454
512,513
512,514
512,515
512,516
512,519
512,666
512,667
512,699
512,837
512,883
512,888
512,890
512,891
512,892
512,896
512,1154
512,1190
512,1274
512,1276
512,1293
512,1360
520,910
520,911
520,912
520,914
520,915
520,916
521,910
521,911
521,912
521,914
521,915
521,916
522,36
522,58
522,127
522,128
522,427
522,630
522,714
522,721
522,731
522,732
522,733
522,734
522,735
522,736
522,737
522,740
522,743
522,910
522,911
522,912
522,914
522,915
522,916
522,938
522,1054
522,1057
522,1058
522,1080
522,1083
522,1095
522,1096
522,1104
522,1290
523,466
523,469
524,42
524,44
524,45
524,525
524,526
524,829
525,42
525,44
525,45
525,526
525,829
526,42
526,44
526,45
527,732
527,740
527,743
528,732
528,740
528,743
529,732
529,740
529,743
530,732
530,740
530,743
531,732
531,740
531,743
533,466
533,469
535,199
535,910
535,911
535,912
535,914
535,915
535,916
538,41
538,1040
538,1237
539,749
540,541
540,571
540,572
540,573
540,574
540,575
540,577
540,580
540,626
540,627
540,628
540,855
540,1016
540,1227
540,1346
541,571
541,572
541,573
541,574
541,575
541,577
541,580
541,626
541,627
541,628
541,855
541,1016
541,1227
541,1346
542,626
542,627
542,628
542,819
542,1092
542,1346
543,626
543,627
543,628
543,819
543,1092
543,1346
544,260
544,261
544,262
544,380
544,540
544,541
544,542
544,543
544,545
544,552
544,553
544,554
544,555
544,556
544,557
544,559
544,567
544,570
544,571
544,572
544,573
544,574
544,575
544,576
544,577
544,578
544,580
544,669
544,785
544,855
544,880
544,1016
545,626
545,627
545,628
545,1346
546,255
546,256
546,486
546,598
546,599
546,707
546,708
546,910
546,911
546,912
546,914
546,915
546,916
546,933
546,934
546,935
546,1169
546,1170
547,259
547,381
547,410
547,411
547,419
547,420
547,422
547,546
547,585
547,641
547,880
549,429
549,430
549,431
549,551
549,598
549,599
549,819
549,820
549,821
549,822
549,823
549,1027
549,1092
549,1093
549,1260
549,1340
549,1341
550,299
550,594
550,596
550,1227
550,1254
550,1261
550,1333
551,227
551,549
551,550
551,594
551,596
551,598
551,599
551,819
551,820
551,821
551,822
551,823
551,1092
551,1093
552,626
552,627
552,628
552,1346
553,626
553,627
553,628
553,1346
554,626
554,627
554,628
554,1346
555,626
555,627
555,628
555,1346
556,626
556,627
556,628
556,1346
557,626
557,627
557,628
557,1346
558,260
558,261
558,262
558,380
558,540
558,541
558,542
558,543
558,545
558,552
558,553
558,554
558,555
558,556
558,557
558,559
558,567
558,570
558,571
558,572
558,573
558,574
558,575
558,576
558,577
558,578
558,580
558,669
558,785
558,855
558,880
558,1016
559,626
559,627
559,628
559,1346
560,499
560,561
560,562
560,731
560,737
560,1329
560,1333
560,1336
561,1329
561,1333
561,1336
562,499
562,731
562,737
562,1333
564,565
564,566
565,589
565,592
565,793
565,1336
566,793
567,626
567,627
567,628
567,1346
568,260
568,261
568,262
568,380
568,540
568,541
568,542
568,543
568,545
568,552
568,553
568,554
568,555
568,556
568,557
568,559
568,567
568,570
568,571
568,572
568,573
568,574
568,575
568,576
568,577
568,578
568,580
568,669
568,785
568,855
568,880
568,1016
569,260
569,261
569,262
569,380
569,540
569,541
569,542
569,543
569,545
569,552
569,553
569,554
569,555
569,556
569,557
569,559
569,567
569,570
569,571
569,572
569,573
569,574
569,575
569,576
569,577
569,578
569,580
569,669
569,785
569,855
569,880
569,1016
570,626
570,627
570,628
570,1346
571,572
571,573
571,574
571,575
571,577
571,580
571,626
571,627
571,628
571,855
571,1016
571,1346
572,573
572,574
572,575
572,577
572,580
572,626
572,627
572,628
572,855
572,1016
572,1346
573,574
573,575
573,577
573,580
573,626
573,627
573,628
573,855
573,1016
573,1346
574,575
574,577
574,580
574,626
574,627
574,628
574,855
574,1016
574,1346
575,577
575,580
575,626
575,627
575,628
575,855
575,1016
575,1346
576,626
576,627
576,628
576,1346
577,580
577,626
577,627
577,628
577,855
577,1016
577,1229
577,1346
578,486
578,626
578,627
578,628
578,910
578,911
578,912
578,914
578,915
578,916
578,1346
579,260
579,261
579,262
579,380
579,540
579,541
579,542
579,543
579,545
579,552
579,553
579,554
579,555
579,556
579,557
579,559
579,567
579,570
579,571
579,572
579,573
579,574
579,575
579,576
579,577
579,578
579,580
579,626
579,627
579,628
579,669
579,785
579,855
579,880
579,1016
580,626
580,627
580,628
580,855
580,1016
580,1346
582,16
582,17
582,18
582,19
582,20
582,123
582,835
582,1278
582,1279
583,408
584,408
585,166
585,167
585,255
585,256
585,445
585,446
585,486
585,598
585,599
585,707
585,708
585,910
585,911
585,912
585,914
585,915
585,916
585,933
585,934
585,935
585,1033
585,1165
585,1169
585,1170
586,345
586,346
586,347
587,357
587,388
587,389
588,621
588,622
588,623
589,549
589,590
589,592
589,596
589,725
589,793
589,1249
589,1250
589,1251
589,1336
590,549
590,592
590,1336
591,549
591,589
591,590
591,592
591,1336
592,549
592,551
592,589
592,725
592,1249
592,1250
592,1251
592,1336
593,752
594,198
594,203
594,205
594,286
594,544
595,169
595,170
595,171
595,172
595,173
595,289
595,564
595,1311
596,544
597,1227
597,1228
598,486
598,910
598,911
598,912
598,913
598,914
598,915
598,916
598,918
598,919
599,486
599,910
599,911
599,912
599,913
599,914
599,915
599,916
599,918
599,919
600,222
601,603
601,604
601,605
601,606
601,607
601,609
601,612
601,613
601,615
601,616
601,617
601,618
601,619
601,1030
602,601
602,603
602,604
602,605
602,606
602,607
602,608
602,609
602,612
602,613
602,615
602,616
602,617
602,618
602,619
602,1030
603,604
603,605
603,606
603,607
603,609
603,612
603,613
603,615
603,616
603,617
603,618
603,619
603,1030
604,605
604,606
604,607
604,609
604,612
604,613
604,615
604,616
604,617
604,618
604,619
604,1030
605,606
605,607
605,609
605,612
605,613
605,615
605,616
605,617
605,618
605,619
605,1030
606,607
606,609
606,612
606,613
606,615
606,616
606,617
606,618
606,619
606,1030
607,609
607,612
607,613
607,615
607,616
607,617
607,618
607,619
607,1030
608,601
608,603
608,604
608,605
608,606
608,607
608,609
608,612
608,613
608,615
608,616
608,617
608,618
608,619
608,1030
609,612
609,613
609,615
609,616
609,617
609,618
609,619
609,1030
612,522
612,613
612,615
612,616
612,617
612,618
612,619
612,644
612,845
612,933
612,934
612,935
612,936
612,937
612,938
612,939
612,940
612,1030
612,1221
613,615
613,616
613,617
613,618
613,619
613,1030
615,522
615,616
615,617
615,618
615,619
615,644
615,845
615,933
615,934
615,935
615,936
615,937
615,938
615,939
615,940
615,1030
615,1221
616,617
616,618
616,619
616,1030
617,618
617,619
617,1030
618,619
618,1030
619,1030
620,665
620,939
620,1354
620,1355
620,1356
624,174
624,838
624,839
624,840
625,838
625,839
625,840
626,627
626,628
626,855
626,910
626,911
626,912
626,914
626,915
626,916
626,1016
626,1033
626,1227
626,1228
626,1229
626,1230
626,1231
626,1232
626,1233
626,1346
627,628
627,855
627,910
627,911
627,912
627,914
627,915
627,916
627,1016
627,1033
627,1169
627,1170
627,1227
627,1228
627,1229
627,1230
627,1231
627,1232
627,1233
628,855
628,910
628,911
628,912
628,914
628,915
628,916
628,1016
628,1033
628,1227
628,1228
628,1229
628,1230
628,1231
628,1232
628,1233
630,38
630,148
630,169
630,170
630,171
630,172
630,173
630,213
630,285
630,286
630,288
630,289
630,534
630,563
630,564
630,664
630,782
630,790
630,1029
630,1139
630,1140
630,1154
630,1278
630,1284
630,1311
630,1360
630,1361
631,285
631,286
631,288
631,289
631,564
631,664
631,782
631,790
631,1029
631,1139
631,1140
631,1311
632,633
632,704
632,705
632,706
632,806
632,808
632,1087
632,1134
632,1135
632,1288
632,1289
633,704
633,1087
633,1134
633,1135
633,1288
633,1289
636,135
636,136
637,135
637,136
638,135
638,136
639,255
639,256
640,66
640,67
640,459
641,255
641,256
641,445
641,446
641,486
641,598
641,910
641,911
641,912
641,914
641,915
641,916
641,933
641,934
641,935
641,1033
641,1169
641,1170
642,837
644,36
644,58
644,127
644,128
644,427
644,630
644,714
644,721
644,731
644,732
644,733
644,734
644,735
644,736
644,737
644,740
644,743
644,910
644,911
644,912
644,914
644,915
644,916
644,938
644,1054
644,1057
644,1058
644,1080
644,1083
644,1095
644,1096
644,1104
644,1290
645,277
649,601
649,602
649,603
649,604
649,605
649,606
649,607
649,608
649,609
649,612
649,613
649,615
649,616
649,617
649,618
649,619
649,1030
650,601
650,602
650,603
650,604
650,605
650,606
650,607
650,608
650,609
650,612
650,613
650,615
650,616
650,617
650,618
650,619
650,1030
651,601
651,602
651,603
651,604
651,605
651,606
651,607
651,608
651,609
651,612
651,613
651,615
651,616
651,617
651,618
651,619
651,1030
652,601
652,602
652,603
652,604
652,605
652,606
652,607
652,608
652,609
652,612
652,613
652,615
652,616
652,617
652,618
652,619
652,1030
653,601
653,602
653,603
653,604
653,605
653,606
653,607
653,608
653,609
653,612
653,613
653,615
653,616
653,617
653,618
653,619
653,1030
654,601
654,602
654,603
654,604
654,605
654,606
654,607
654,608
654,609
654,612
654,613
654,615
654,616
654,617
654,618
654,619
654,1030
655,1124
655,1125
655,1126
655,1127
656,1124
656,1125
656,1126
656,1127
657,707
657,708
657,1124
657,1125
657,1126
657,1127
658,1124
658,1125
658,1126
658,1127
659,1124
659,1125
659,1126
659,1127
660,437
660,484
660,486
660,665
660,939
660,940
660,1182
663,1384
665,939
665,940
665,1059
665,1060
665,1182
665,1354
665,1355
665,1356
668,100
668,101
668,117
668,118
668,174
668,175
668,176
668,630
668,792
668,824
668,954
668,1267
668,1268
668,1269
668,1271
669,147
669,626
669,627
669,628
669,953
669,1238
669,1346
670,838
670,839
670,840
681,661
681,662
681,1146
683,325
684,325
684,683
685,393
685,461
685,462
685,468
685,469
685,470
685,471
685,472
685,474
685,475
685,476
685,477
685,478
685,479
685,686
685,687
685,913
685,918
685,919
685,933
685,934
685,935
686,461
686,462
686,468
686,469
686,913
686,918
686,919
686,933
686,934
686,935
687,461
687,462
687,468
687,469
687,472
687,686
687,913
687,918
687,919
687,933
687,934
687,935
688,393
688,461
688,462
688,469
688,470
688,471
688,472
688,473
688,474
688,475
688,476
688,477
688,478
688,479
688,685
688,686
688,687
688,913
688,918
688,919
688,933
688,934
688,935
692,345
692,346
692,347
692,439
692,440
692,441
692,442
692,443
693,345
693,346
693,347
693,439
693,440
693,441
693,442
693,443
693,692
694,64
694,299
694,522
694,550
694,644
694,786
694,845
694,1128
694,1129
694,1221
695,696
695,699
695,1318
696,699
697,460
697,463
697,468
698,1278
698,1279
699,1331
699,1332
699,1335
700,1305
701,131
701,190
701,201
701,202
701,310
701,328
701,373
701,407
701,438
701,620
701,787
701,910
701,911
701,912
701,913
701,914
701,915
701,916
701,918
701,919
701,1030
701,1031
701,1169
701,1170
701,1247
702,1063
702,1065
703,107
703,149
703,154
703,161
703,227
703,549
703,551
703,731
703,732
703,733
703,734
703,735
703,736
703,737
703,740
703,743
703,910
703,911
703,912
703,914
703,915
703,916
704,1087
705,633
705,704
705,1087
706,633
706,704
706,705
706,1087
707,731
707,737
708,731
708,737
709,733
709,734
709,735
709,736
710,66
710,67
710,255
710,256
710,415
710,416
710,732
710,733
710,734
710,735
710,736
710,740
710,742
710,743
711,739
712,733
712,734
712,735
712,736
713,725
713,732
713,733
713,734
713,735
713,736
713,740
713,742
713,743
714,227
714,549
714,551
714,707
714,708
714,709
714,710
714,712
714,713
714,732
714,733
714,734
714,735
714,736
714,740
714,743
714,819
714,1092
715,713
715,742
716,713
717,713
718,227
718,549
718,551
718,725
718,819
718,820
718,1092
718,1093
718,1249
718,1250
718,1251
719,709
719,712
720,713
721,709
721,711
721,712
722,709
722,712
723,709
723,710
723,712
723,713
723,732
723,733
723,734
723,735
723,736
723,740
723,743
724,709
724,712
725,227
725,549
725,551
725,709
725,710
725,712
725,713
725,718
725,731
725,732
725,733
725,734
725,735
725,736
725,737
725,740
725,743
725,819
725,825
725,996
725,997
725,998
725,1001
725,1002
725,1092
726,227
726,549
726,551
726,707
726,708
726,710
726,713
726,718
726,819
727,715
729,714
730,714
731,69
731,70
731,71
731,76
731,77
731,78
731,79
731,80
731,174
731,215
731,221
731,249
731,250
731,251
731,252
731,253
731,363
731,369
731,371
731,372
731,384
731,385
731,386
731,387
731,427
731,428
731,429
731,430
731,431
731,436
731,522
731,624
731,629
731,630
731,631
731,644
731,657
731,748
731,769
731,776
731,777
731,782
731,792
731,819
731,845
731,926
731,927
731,928
731,929
731,930
731,931
731,1029
731,1092
731,1116
731,1117
731,1118
731,1119
731,1120
731,1121
731,1122
731,1194
731,1195
731,1196
731,1197
731,1199
731,1201
731,1217
731,1218
731,1227
731,1241
731,1260
731,1289
731,1324
731,1340
731,1341
731,1360
731,1361
732,105
732,108
732,255
732,256
732,363
732,371
732,427
732,428
732,429
732,430
732,431
732,598
732,599
732,600
732,630
732,631
732,733
732,734
732,735
732,736
732,742
732,816
732,818
732,819
732,1092
732,1324
733,42
733,44
733,45
733,69
733,105
733,108
733,208
733,221
733,315
733,371
733,372
733,427
733,428
733,429
733,430
733,431
733,630
733,631
733,731
733,737
733,745
733,746
733,747
733,750
733,769
733,816
733,817
733,818
733,819
733,1092
733,1119
733,1120
733,1196
733,1197
733,1324
734,42
734,44
734,45
734,69
734,105
734,108
734,208
734,221
734,315
734,371
734,372
734,427
734,428
734,429
734,430
734,431
734,630
734,631
734,731
734,737
734,745
734,746
734,747
734,750
734,769
734,816
734,817
734,818
734,819
734,1092
734,1119
734,1120
734,1196
734,1197
734,1324
735,42
735,44
735,45
735,69
735,105
735,108
735,208
735,221
735,315
735,371
735,372
735,427
735,428
735,429
735,430
735,431
735,630
735,631
735,731
735,737
735,745
735,746
735,747
735,750
735,769
735,816
735,817
735,818
735,819
735,1092
735,1119
735,1120
735,1196
735,1197
735,1324
736,42
736,44
736,45
736,69
736,105
736,108
736,208
736,221
736,315
736,371
736,372
736,427
736,428
736,429
736,430
736,431
736,630
736,631
736,731
736,737
736,745
736,746
736,747
736,750
736,769
736,816
736,817
736,818
736,819
736,1092
736,1119
736,1120
736,1196
736,1197
736,1324
737,69
737,70
737,71
737,76
737,77
737,78
737,79
737,80
737,174
737,215
737,221
737,249
737,250
737,251
737,252
737,253
737,363
737,369
737,371
737,372
737,384
737,385
737,386
737,387
737,427
737,428
737,429
737,430
737,431
737,436
737,522
737,624
737,629
737,630
737,631
737,644
737,657
737,748
737,769
737,776
737,777
737,782
737,792
737,819
737,845
737,926
737,927
737,928
737,929
737,930
737,931
737,1029
737,1092
737,1116
737,1117
737,1118
737,1119
737,1120
737,1121
737,1122
737,1194
737,1195
737,1196
737,1197
737,1199
737,1201
737,1217
737,1218
737,1227
737,1241
737,1260
737,1289
737,1324
737,1340
737,1341
737,1360
737,1361
738,427
738,428
738,630
738,631
739,174
739,371
739,427
739,428
739,630
739,631
739,769
739,844
739,1029
739,1116
739,1117
739,1118
740,105
740,108
740,255
740,256
740,363
740,371
740,427
740,428
740,429
740,430
740,431
740,598
740,599
740,600
740,630
740,631
740,733
740,734
740,735
740,736
740,742
740,816
740,818
740,819
740,1092
740,1324
741,713
741,715
741,727
741,732
741,740
741,743
742,714
743,105
743,108
743,255
743,256
743,363
743,371
743,427
743,428
743,429
743,430
743,431
743,598
743,599
743,600
743,630
743,631
743,733
743,734
743,735
743,736
743,742
743,816
743,818
743,819
743,1092
743,1324
745,70
745,532
745,694
746,70
746,532
747,532
749,772
749,773
749,829
749,1329
749,1331
749,1332
749,1336
752,593
752,1324
753,752
753,1324
755,756
755,758
755,760
755,762
755,763
755,764
755,765
755,1134
755,1135
755,1288
755,1289
756,758
756,1134
756,1135
756,1288
756,1289
757,755
757,756
757,758
757,759
757,760
757,762
757,763
757,764
757,765
757,766
757,1134
757,1135
757,1288
757,1289
758,1134
758,1135
758,1288
758,1289
759,755
759,756
759,758
759,760
759,762
759,763
759,764
759,765
759,766
759,1134
759,1135
759,1288
759,1289
760,756
760,758
760,762
760,763
760,764
760,1134
760,1135
760,1288
760,1289
761,755
761,756
761,757
761,758
761,759
761,760
761,762
761,763
761,764
761,765
761,766
761,1134
761,1135
761,1288
761,1289
762,756
762,758
762,763
762,764
762,1134
762,1135
762,1288
762,1289
763,756
763,758
763,1134
763,1135
763,1288
763,1289
764,756
764,758
764,763
764,1134
764,1135
764,1288
764,1289
765,756
765,758
765,760
765,762
765,763
765,764
765,1134
765,1135
765,1288
765,1289
766,755
766,756
766,758
766,760
766,762
766,763
766,764
766,765
766,1134
766,1135
766,1288
766,1289
767,642
768,642
769,642
770,642
771,1022
771,1040
774,838
774,839
774,840
775,318
775,841
775,842
776,70
776,367
776,368
777,70
777,367
777,368
778,895
779,369
785,626
785,627
785,628
785,1346
786,36
786,58
786,127
786,128
786,714
786,910
786,911
786,912
786,914
786,915
786,916
786,938
786,1054
786,1057
786,1058
786,1080
786,1083
786,1095
786,1096
786,1104
786,1290
787,407
787,438
787,1247
788,381
788,410
788,411
788,419
788,422
788,880
789,234
789,369
789,485
789,598
789,599
789,689
789,690
789,779
789,1007
789,1008
789,1101
789,1103
789,1121
789,1122
789,1123
789,1162
789,1273
789,1342
789,1348
789,1349
792,218
793,395
793,589
793,592
793,725
793,1249
793,1250
793,1251
793,1323
793,1336
798,794
798,795
798,796
798,797
799,794
799,795
799,796
799,797
800,826
801,297
802,120
802,121
802,122
802,455
804,665
804,858
804,859
804,860
804,861
805,665
805,858
805,859
805,860
805,861
806,108
806,281
806,350
806,633
806,646
806,647
806,1066
806,1134
806,1135
806,1277
806,1288
806,1289
807,108
807,254
807,281
807,350
807,379
807,384
807,385
807,632
807,633
807,646
807,647
807,806
807,808
807,1066
807,1134
807,1135
807,1277
807,1288
807,1289
808,108
808,281
808,350
808,633
808,646
808,647
808,806
808,1066
808,1134
808,1135
808,1277
808,1288
808,1289
809,1134
809,1135
809,1288
809,1289
810,1087
811,56
811,57
811,838
811,839
811,840
811,1019
811,1020
811,1021
812,829
814,522
814,644
814,786
814,845
814,1128
814,1129
815,1239
816,126
816,213
816,364
816,393
816,767
816,768
816,769
816,770
816,1029
816,1089
816,1099
816,1223
816,1311
816,1339
817,126
817,213
817,364
817,767
817,768
817,769
817,770
817,1029
817,1089
817,1099
817,1223
817,1311
817,1339
818,126
818,213
818,364
818,767
818,768
818,769
818,770
818,1029
818,1089
818,1099
818,1223
818,1311
818,1339
819,38
819,108
819,109
819,110
819,112
819,117
819,118
819,148
819,169
819,170
819,171
819,172
819,173
819,174
819,213
819,222
819,285
819,286
819,288
819,289
819,451
819,452
819,512
819,534
819,544
819,563
819,564
819,568
819,664
819,782
819,790
819,791
819,820
819,821
819,822
819,823
819,829
819,1029
819,1092
819,1139
819,1140
819,1154
819,1208
819,1284
819,1311
819,1312
819,1330
819,1331
819,1360
819,1361
819,1377
820,534
820,1093
820,1320
821,819
821,1092
822,819
822,1092
823,819
823,1092
824,345
824,346
824,347
825,429
825,430
825,431
825,668
825,1267
825,1268
825,1269
826,1040
827,1040
828,819
828,1040
828,1092
829,153
829,155
829,1040
830,1040
831,1040
832,749
833,73
833,1106
834,72
834,73
834,74
834,749
834,827
834,1106
835,17
835,18
835,19
835,20
836,120
836,121
836,122
836,455
837,732
837,733
837,734
837,735
837,736
837,740
837,743
838,330
838,331
838,332
838,333
838,334
838,1087
839,330
839,331
839,332
839,333
839,334
839,1087
840,330
840,331
840,332
840,333
840,334
840,1087
841,1124
841,1125
842,1124
842,1125
844,108
844,1134
845,36
845,58
845,127
845,128
845,427
845,630
845,714
845,721
845,731
845,732
845,733
845,734
845,735
845,736
845,737
845,740
845,743
845,910
845,911
845,912
845,914
845,915
845,916
845,938
845,1054
845,1057
845,1058
845,1080
845,1083
845,1095
845,1096
845,1104
845,1290
846,1202
847,460
847,463
847,468
848,838
848,839
848,840
849,838
849,839
849,840
854,260
854,261
854,262
854,380
854,540
854,541
854,542
854,543
854,545
854,552
854,553
854,554
854,555
854,556
854,557
854,559
854,567
854,570
854,571
854,572
854,573
854,574
854,575
854,576
854,577
854,578
854,580
854,626
854,627
854,628
854,669
854,785
854,855
854,880
854,1016
855,626
855,627
855,628
855,1346
856,1332
857,468
857,469
858,710
858,713
858,719
858,721
858,1054
858,1271
859,710
859,713
859,719
859,721
860,710
860,713
861,710
861,713
862,48
863,864
863,865
863,866
863,1290
864,863
864,865
864,866
864,1011
864,1013
865,1011
865,1013
866,865
866,1011
866,1013
867,862
876,259
876,260
876,261
876,262
876,380
876,381
876,410
876,411
876,419
876,420
876,422
876,540
876,541
876,542
876,543
876,545
876,546
876,552
876,553
876,554
876,555
876,556
876,557
876,559
876,567
876,570
876,571
876,572
876,573
876,574
876,575
876,576
876,577
876,578
876,580
876,585
876,641
876,669
876,785
876,855
876,880
876,1016
877,259
877,260
877,261
877,262
877,380
877,381
877,410
877,411
877,419
877,420
877,422
877,540
877,541
877,542
877,543
877,545
877,546
877,552
877,553
877,554
877,555
877,556
877,557
877,559
877,567
877,570
877,571
877,572
877,573
877,574
877,575
877,576
877,577
877,578
877,580
877,585
877,641
877,669
877,785
877,855
877,880
877,1016
878,259
878,381
878,410
878,411
878,419
878,420
878,422
878,546
878,585
878,641
878,880
879,259
879,381
879,410
879,411
879,419
879,420
879,422
879,546
879,585
879,641
879,880
880,255
880,256
880,445
880,446
880,486
880,598
880,626
880,627
880,628
880,910
880,911
880,912
880,914
880,915
880,916
880,933
880,934
880,935
880,939
880,940
880,1033
880,1169
880,1170
880,1346
883,881
883,882
884,42
884,44
884,45
884,227
884,549
884,923
884,924
884,925
884,1007
884,1011
884,1013
884,1121
884,1122
884,1162
884,1163
885,179
885,180
885,181
885,182
885,183
885,184
885,185
885,186
885,187
885,188
885,284
885,290
885,291
885,292
885,293
885,294
885,295
886,179
886,180
886,181
886,182
886,183
886,184
886,185
886,186
886,187
886,188
886,284
886,290
886,291
886,292
886,293
886,294
886,295
893,14
893,15
894,14
894,15
895,327
897,138
897,139
897,140
897,141
897,898
897,899
897,900
897,1041
897,1042
897,1043
898,138
898,139
898,140
898,141
898,899
898,900
898,1041
898,1042
898,1043
899,138
899,139
899,140
899,141
899,900
899,1041
899,1042
899,1043
900,138
900,139
900,140
900,141
900,1041
900,1042
900,1043
901,42
901,44
901,45
902,42
902,44
902,45
903,1227
903,1228
903,1229
903,1230
903,1231
903,1232
903,1233
904,1227
904,1228
904,1229
904,1230
904,1231
904,1232
904,1233
905,1227
905,1228
905,1229
905,1230
905,1231
905,1232
905,1233
906,1227
906,1228
906,1229
906,1230
906,1231
906,1232
906,1233
908,190
908,910
908,911
908,912
908,914
908,915
908,916
909,114
910,42
910,44
910,45
910,76
910,77
910,78
910,79
910,80
910,157
910,436
910,512
910,522
910,620
910,644
910,789
910,845
910,884
910,993
910,1011
910,1013
910,1030
910,1052
910,1053
910,1054
910,1221
910,1288
911,42
911,44
911,45
911,76
911,77
911,78
911,79
911,80
911,157
911,436
911,512
911,522
911,620
911,644
911,789
911,845
911,884
911,993
911,1011
911,1013
911,1030
911,1052
911,1053
911,1054
911,1221
911,1288
912,42
912,44
912,45
912,76
912,77
912,78
912,79
912,80
912,157
912,436
912,512
912,522
912,620
912,644
912,789
912,845
912,884
912,993
912,1011
912,1013
912,1030
912,1052
912,1053
912,1054
912,1221
912,1288
913,42
913,44
913,45
913,522
913,620
913,644
913,845
913,1013
913,1030
914,42
914,44
914,45
914,76
914,77
914,78
914,79
914,80
914,157
914,436
914,512
914,522
914,620
914,644
914,789
914,845
914,884
914,993
914,1011
914,1013
914,1030
914,1052
914,1053
914,1054
914,1221
914,1288
915,42
915,44
915,45
915,76
915,77
915,78
915,79
915,80
915,157
915,436
915,512
915,522
915,620
915,644
915,789
915,845
915,884
915,993
915,1011
915,1013
915,1030
915,1052
915,1053
915,1054
915,1221
915,1288
916,42
916,44
916,45
916,76
916,77
916,78
916,79
916,80
916,157
916,436
916,512
916,522
916,620
916,644
916,789
916,845
916,884
916,993
916,1011
916,1013
916,1030
916,1052
916,1053
916,1054
916,1221
916,1288
917,114
918,42
918,44
918,45
918,522
918,620
918,644
918,845
918,1013
918,1030
919,42
919,44
919,45
919,522
919,620
919,644
919,845
919,1013
919,1030
920,816
921,594
923,771
923,924
923,1379
924,771
924,1379
933,1007
933,1008
933,1009
933,1010
934,1007
934,1008
934,1009
934,1010
935,1007
935,1008
935,1009
935,1010
939,138
939,139
939,140
939,141
939,629
939,660
939,665
939,837
939,927
939,928
939,929
939,985
939,986
939,987
939,988
939,1007
939,1008
939,1009
939,1167
940,119
940,138
940,139
940,140
940,141
940,629
940,837
940,927
940,928
940,929
940,985
940,986
940,987
940,988
940,1007
940,1008
940,1009
940,1167
941,1217
941,1218
942,1217
942,1218
948,81
948,82
951,30
951,34
951,457
951,533
951,1028
952,1367
952,1368
952,1369
952,1370
952,1371
952,1372
952,1373
952,1374
953,2
953,5
953,6
953,7
953,8
953,9
953,10
953,11
953,12
953,246
953,247
953,248
953,312
953,396
953,444
953,518
953,691
953,754
953,843
953,868
953,949
953,1134
953,1135
953,1147
953,1148
953,1149
953,1188
953,1189
954,6
954,7
954,246
954,247
954,581
954,691
954,884
954,1134
954,1135
954,1347
955,179
955,180
955,181
955,182
955,183
955,184
955,185
955,186
955,187
955,188
955,284
955,290
955,291
955,292
955,293
955,294
955,295
956,1185
956,1186
956,1187
956,1357
956,1358
956,1359
957,709
957,710
957,712
957,713
958,725
960,138
960,139
960,140
960,141
960,249
960,250
960,251
960,252
960,253
960,501
960,795
960,796
960,797
960,897
960,898
960,899
960,900
960,961
960,962
960,1326
961,138
961,139
961,140
961,141
961,249
961,250
961,251
961,252
961,253
961,501
961,795
961,796
961,797
961,897
961,898
961,899
961,900
961,962
961,1326
962,138
962,139
962,140
962,141
962,249
962,250
962,251
962,252
962,253
962,501
962,795
962,796
962,797
962,897
962,898
962,899
962,900
962,1326
963,795
963,796
963,797
964,795
964,796
964,797
965,795
965,796
965,797
966,138
966,139
966,140
966,141
966,501
966,897
966,898
966,899
966,900
967,138
967,139
967,140
967,141
967,501
967,897
967,898
967,899
967,900
968,138
968,139
968,140
968,141
968,501
968,897
968,898
968,899
968,900
969,138
969,139
969,140
969,141
969,501
969,897
969,898
969,899
969,900
970,42
970,44
970,45
970,108
970,1121
970,1122
970,1239
971,42
971,44
971,45
971,108
971,1121
971,1122
971,1239
972,42
972,44
972,45
972,108
972,1121
972,1122
972,1239
973,42
973,44
973,45
973,108
973,1121
973,1122
973,1239
974,42
974,44
974,45
974,108
974,1239
975,42
975,44
975,45
975,108
975,1239
976,42
976,44
976,45
976,108
976,1239
977,42
977,44
977,45
977,108
978,42
978,44
978,45
978,108
979,42
979,44
979,45
979,108
980,42
980,44
980,45
980,108
981,42
981,44
981,45
981,108
982,42
982,44
982,45
982,108
983,42
983,44
983,45
983,108
984,42
984,44
984,45
984,108
985,138
985,139
985,140
985,141
985,257
985,816
985,817
985,818
986,138
986,139
986,140
986,141
986,257
986,816
986,817
986,818
987,138
987,139
987,140
987,141
987,257
987,816
987,817
987,818
988,138
988,139
988,140
988,141
988,257
988,816
988,817
988,818
989,257
990,257
991,257
992,723
993,1052
993,1053
994,1352
995,1352
996,3
996,4
996,43
996,194
996,257
996,356
996,370
996,429
996,430
996,431
996,444
996,501
996,517
996,642
996,682
996,780
996,789
996,868
996,887
996,888
996,889
996,1123
996,1190
996,1217
996,1218
996,1222
996,1258
996,1260
996,1340
996,1341
997,3
997,4
997,43
997,194
997,257
997,356
997,370
997,429
997,430
997,431
997,444
997,501
997,517
997,642
997,682
997,780
997,789
997,868
997,887
997,888
997,889
997,1123
997,1190
997,1217
997,1218
997,1222
997,1258
997,1340
997,1341
998,3
998,4
998,43
998,194
998,257
998,356
998,370
998,429
998,430
998,431
998,444
998,501
998,517
998,642
998,682
998,780
998,789
998,868
998,887
998,888
998,889
998,1123
998,1190
998,1217
998,1218
998,1222
998,1258
998,1340
998,1341
999,69
999,70
999,71
999,83
999,84
999,103
999,135
999,136
999,138
999,139
999,140
999,141
999,249
999,250
999,251
999,252
999,253
999,254
999,263
999,264
999,265
999,266
999,267
999,268
999,269
999,277
999,379
999,459
999,487
999,488
999,489
999,499
999,501
999,621
999,622
999,623
999,635
999,682
999,707
999,708
999,816
999,819
999,821
999,851
999,871
999,872
999,873
999,874
999,875
999,897
999,898
999,899
999,900
999,922
999,948
999,953
999,989
999,990
999,991
999,996
999,997
999,998
999,1001
999,1002
999,1019
999,1054
999,1059
999,1060
999,1074
999,1075
999,1092
999,1101
999,1175
999,1194
1000,69
1000,70
1000,71
1000,83
1000,84
1000,103
1000,135
1000,136
1000,138
1000,139
1000,140
1000,141
1000,249
1000,250
1000,251
1000,252
1000,253
1000,254
1000,263
1000,264
1000,265
1000,266
1000,267
1000,268
1000,269
1000,277
1000,379
1000,459
1000,487
1000,488
1000,489
1000,499
1000,501
1000,621
1000,622
1000,623
1000,635
1000,682
1000,707
1000,708
1000,816
1000,819
1000,821
1000,851
1000,871
1000,872
1000,873
1000,874
1000,875
1000,897
1000,898
1000,899
1000,900
1000,922
1000,948
1000,953
1000,989
1000,990
1000,991
1000,996
1000,997
1000,998
1000,1001
1000,1002
1000,1019
1000,1054
1000,1059
1000,1060
1000,1074
1000,1075
1000,1092
1000,1101
1000,1175
1000,1194
1001,3
1001,4
1001,43
1001,194
1001,257
1001,356
1001,370
1001,429
1001,430
1001,431
1001,444
1001,501
1001,517
1001,642
1001,682
1001,780
1001,789
1001,868
1001,887
1001,888
1001,889
1001,1123
1001,1190
1001,1217
1001,1218
1001,1222
1001,1258
1001,1340
1001,1341
1002,3
1002,4
1002,43
1002,194
1002,257
1002,356
1002,370
1002,429
1002,430
1002,431
1002,444
1002,501
1002,517
1002,642
1002,682
1002,780
1002,789
1002,868
1002,887
1002,888
1002,889
1002,1123
1002,1190
1002,1217
1002,1218
1002,1222
1002,1258
1002,1340
1002,1341
1003,682
1004,682
1005,682
1006,682
1007,195
1007,297
1007,356
1007,360
1007,361
1007,362
1007,522
1007,629
1007,644
1007,710
1007,713
1007,714
1007,719
1007,721
1007,722
1007,731
1007,732
1007,733
1007,734
1007,735
1007,736
1007,737
1007,739
1007,740
1007,743
1007,781
1007,786
1007,789
1007,821
1007,845
1007,927
1007,928
1007,929
1007,941
1007,942
1007,1014
1007,1015
1007,1031
1007,1054
1007,1128
1007,1129
1007,1194
1007,1217
1007,1218
1007,1221
1008,149
1008,150
1008,195
1008,297
1008,356
1008,360
1008,361
1008,362
1008,522
1008,629
1008,644
1008,714
1008,719
1008,721
1008,722
1008,731
1008,732
1008,733
1008,734
1008,735
1008,736
1008,737
1008,739
1008,740
1008,743
1008,781
1008,786
1008,789
1008,803
1008,845
1008,927
1008,928
1008,929
1008,941
1008,942
1008,1014
1008,1015
1008,1031
1008,1054
1008,1128
1008,1129
1008,1194
1008,1217
1008,1218
1008,1221
1009,22
1009,23
1009,24
1009,25
1009,26
1009,154
1009,297
1009,629
1009,707
1009,708
1009,714
1009,719
1009,721
1009,722
1009,731
1009,732
1009,733
1009,734
1009,735
1009,736
1009,737
1009,739
1009,740
1009,743
1009,781
1009,803
1009,826
1009,927
1009,928
1009,929
1009,941
1009,942
1009,1031
1009,1054
1009,1221
1010,297
1010,522
1010,644
1010,731
1010,732
1010,733
1010,734
1010,735
1010,736
1010,737
1010,740
1010,743
1010,786
1010,798
1010,799
1010,845
1010,956
1010,1128
1010,1129
1010,1185
1010,1186
1010,1187
1010,1194
1010,1217
1010,1218
1010,1357
1010,1358
1010,1359
1011,863
1011,865
1011,866
1011,1013
1011,1222
1012,149
1012,150
1012,227
1012,549
1012,551
1012,725
1012,732
1012,740
1012,743
1013,42
1013,44
1013,45
1013,297
1013,731
1013,732
1013,733
1013,734
1013,735
1013,736
1013,737
1013,740
1013,743
1013,863
1013,865
1013,866
1013,1222
1013,1290
1014,610
1014,611
1014,613
1014,614
1014,1059
1014,1060
1015,610
1015,611
1015,613
1015,614
1015,1059
1015,1060
1016,626
1016,627
1016,628
1016,855
1016,1346
1017,429
1017,430
1017,431
1019,57
1019,277
1019,838
1019,839
1019,840
1019,1020
1020,57
1020,838
1020,839
1020,840
1021,57
1021,838
1021,839
1021,840
1021,1019
1021,1020
1023,460
1023,463
1023,468
1024,220
1025,220
1028,469
1030,910
1030,911
1030,912
1030,914
1030,915
1030,916
1030,1039
1031,255
1031,256
1031,1030
1031,1039
1031,1101
1032,585
1032,598
1032,599
1033,910
1033,911
1033,912
1033,914
1033,915
1033,916
1033,1214
1033,1215
1034,626
1034,627
1034,628
1034,1227
1034,1228
1034,1229
1034,1230
1034,1231
1034,1232
1034,1233
1034,1346
1035,131
1035,191
1035,192
1035,200
1035,275
1035,626
1035,627
1035,628
1035,671
1035,672
1035,673
1035,674
1035,675
1035,676
1035,677
1035,678
1035,679
1035,680
1035,869
1035,1247
1035,1346
1035,1384
1036,731
1036,732
1036,733
1036,734
1036,735
1036,736
1036,737
1036,740
1036,743
1037,438
1037,663
1038,585
1038,598
1038,599
1038,1169
1038,1170
1040,155
1052,709
1052,710
1052,712
1052,713
1052,714
1052,723
1052,732
1052,733
1052,734
1052,735
1052,736
1052,740
1052,743
1052,858
1052,859
1052,860
1052,861
1052,863
1052,864
1052,865
1052,866
1052,910
1052,911
1052,912
1052,914
1052,915
1052,916
1052,1011
1052,1013
1052,1101
1053,709
1053,710
1053,712
1053,713
1053,714
1053,732
1053,740
1053,743
1053,858
1053,859
1053,860
1053,861
1053,863
1053,864
1053,865
1053,866
1053,1011
1053,1013
1053,1101
1054,648
1054,707
1054,708
1054,910
1054,911
1054,912
1054,914
1054,915
1054,916
1054,947
1054,1092
1055,391
1055,732
1055,740
1055,743
1055,941
1055,942
1055,1057
1056,391
1056,732
1056,740
1056,743
1056,941
1056,942
1056,1057
1057,61
1057,210
1057,1052
1057,1053
1058,1052
1058,1053
1058,1055
1058,1056
1059,36
1059,53
1059,59
1059,127
1059,210
1059,397
1059,645
1059,709
1059,712
1059,910
1059,911
1059,912
1059,914
1059,915
1059,916
1059,938
1059,1014
1059,1015
1059,1054
1059,1058
1059,1083
1059,1098
1059,1221
1059,1290
1059,1354
1059,1355
1059,1356
1060,36
1060,53
1060,59
1060,127
1060,210
1060,397
1060,645
1060,709
1060,712
1060,910
1060,911
1060,912
1060,914
1060,915
1060,916
1060,938
1060,1014
1060,1015
1060,1054
1060,1058
1060,1083
1060,1098
1060,1221
1060,1290
1060,1354
1060,1355
1060,1356
1061,1059
1061,1060
1062,166
1062,167
1062,1059
1062,1060
1062,1102
1063,522
1063,644
1063,786
1063,845
1063,1059
1063,1060
1063,1128
1063,1129
1064,732
1064,740
1064,743
1064,1059
1064,1060
1064,1128
1064,1129
1065,1059
1065,1060
1067,522
1067,644
1067,786
1067,845
1067,1128
1067,1129
1068,522
1068,644
1068,786
1068,845
1068,1128
1068,1129
1069,522
1069,644
1069,786
1069,845
1069,1128
1069,1129
1070,522
1070,644
1070,786
1070,845
1070,1128
1070,1129
1071,522
1071,644
1071,786
1071,845
1071,1128
1071,1129
1072,522
1072,644
1072,786
1072,845
1072,1128
1072,1129
1073,522
1073,644
1073,786
1073,845
1073,1128
1073,1129
1074,522
1074,644
1074,786
1074,845
1074,1128
1074,1129
1075,522
1075,644
1075,786
1075,845
1075,1128
1075,1129
1076,522
1076,644
1076,786
1076,845
1076,1128
1076,1129
1077,522
1077,644
1077,786
1077,845
1077,1059
1077,1060
1077,1128
1077,1129
1078,522
1078,644
1078,786
1078,845
1078,1059
1078,1060
1078,1128
1078,1129
1079,522
1079,644
1079,786
1079,845
1079,1128
1079,1129
1080,1083
1080,1239
1080,1240
1080,1290
1081,1239
1082,1239
1083,610
1083,611
1083,613
1083,614
1083,1240
1084,1106
1085,792
1085,1275
1087,510
1087,1026
1087,1205
1088,512
1088,1196
1088,1197
1092,38
1092,108
1092,109
1092,110
1092,117
1092,118
1092,148
1092,169
1092,170
1092,171
1092,172
1092,173
1092,174
1092,213
1092,222
1092,285
1092,286
1092,288
1092,289
1092,451
1092,452
1092,512
1092,534
1092,544
1092,563
1092,564
1092,568
1092,664
1092,782
1092,790
1092,791
1092,819
1092,820
1092,821
1092,822
1092,823
1092,829
1092,1029
1092,1093
1092,1139
1092,1140
1092,1154
1092,1208
1092,1284
1092,1311
1092,1312
1092,1330
1092,1331
1092,1360
1092,1361
1092,1377
1093,534
1093,564
1093,820
1093,1320
1094,838
1094,839
1094,840
1095,1055
1095,1056
1096,1055
1096,1056
1097,16
1097,123
1098,610
1098,611
1098,613
1098,614
1099,460
1099,468
1100,43
1100,779
1100,789
1100,1123
1101,14
1101,15
1101,307
1101,308
1101,732
1101,740
1101,743
1101,858
1101,923
1101,924
1101,941
1101,942
1101,1112
1101,1113
1103,744
1103,1018
1104,0
1104,1
1104,1048
1104,1049
1104,1050
1105,327
1105,395
1105,551
1105,709
1105,725
1105,1107
1105,1249
1105,1250
1105,1251
1105,1336
1106,551
1106,1249
1106,1250
1106,1251
1106,1332
1107,327
1107,778
1108,319
1109,539
1110,1106
1111,439
1111,440
1111,441
1111,442
1111,443
1112,819
1112,960
1112,961
1112,962
1112,963
1112,964
1112,965
1112,1027
1112,1092
1113,819
1113,960
1113,961
1113,962
1113,963
1113,964
1113,965
1113,1027
1113,1092
1116,70
1116,522
1116,644
1116,845
1116,1260
1116,1340
1116,1341
1117,70
1117,522
1117,644
1117,845
1117,1260
1117,1340
1117,1341
1118,70
1118,522
1118,644
1118,845
1118,1260
1118,1340
1118,1341
1119,69
1119,70
1119,71
1119,249
1119,250
1119,251
1119,252
1119,253
1120,69
1120,70
1120,71
1120,249
1120,250
1120,251
1120,252
1120,253
1121,366
1121,598
1121,1115
1122,366
1122,598
1122,1115
1123,369
1123,779
1123,1121
1123,1122
1123,1348
1124,789
1124,1126
1124,1127
1125,789
1125,1124
1125,1126
1125,1127
1126,789
1127,789
1127,1126
1128,36
1128,58
1128,127
1128,128
1128,714
1128,910
1128,911
1128,912
1128,914
1128,915
1128,916
1128,938
1128,941
1128,942
1128,1054
1128,1057
1128,1058
1128,1080
1128,1083
1128,1095
1128,1096
1128,1104
1128,1290
1129,36
1129,58
1129,127
1129,128
1129,714
1129,910
1129,911
1129,912
1129,914
1129,915
1129,916
1129,938
1129,941
1129,942
1129,1054
1129,1057
1129,1058
1129,1080
1129,1083
1129,1095
1129,1096
1129,1104
1129,1290
1132,277
1132,668
1132,1267
1132,1268
1132,1269
1133,463
1133,464
1133,465
1133,467
1134,2
1134,5
1134,6
1134,7
1134,8
1134,9
1134,10
1134,11
1134,12
1134,194
1134,246
1134,247
1134,248
1134,300
1134,312
1134,396
1134,458
1134,518
1134,581
1134,691
1134,754
1134,843
1134,850
1134,868
1134,884
1134,943
1134,944
1134,945
1134,949
1134,1135
1134,1147
1134,1148
1134,1149
1134,1188
1134,1189
1134,1213
1134,1288
1134,1289
1134,1347
1135,2
1135,5
1135,6
1135,7
1135,8
1135,9
1135,10
1135,11
1135,12
1135,194
1135,246
1135,247
1135,248
1135,300
1135,312
1135,396
1135,458
1135,518
1135,581
1135,691
1135,754
1135,843
1135,850
1135,868
1135,884
1135,943
1135,944
1135,945
1135,949
1135,1147
1135,1148
1135,1149
1135,1188
1135,1189
1135,1213
1135,1288
1135,1289
1135,1347
1137,1138
1141,464
1141,465
1142,461
1142,462
1142,464
1142,465
1142,468
1143,461
1143,462
1143,464
1143,465
1143,468
1144,461
1144,462
1144,464
1144,465
1145,461
1145,462
1145,464
1145,465
1146,1239
1150,325
1150,683
1150,684
1151,318
1151,841
1151,842
1152,318
1152,841
1152,842
1153,345
1153,346
1153,347
1154,932
1155,692
1155,693
1157,775
1157,1151
1157,1152
1157,1365
1157,1366
1159,429
1159,430
1159,431
1160,439
1160,440
1160,441
1160,442
1160,443
1160,1367
1160,1368
1160,1369
1160,1370
1160,1371
1160,1372
1160,1373
1160,1374
1161,439
1161,440
1161,441
1161,442
1161,443
1161,1367
1161,1368
1161,1369
1161,1370
1161,1371
1161,1372
1161,1373
1161,1374
1162,429
1162,430
1162,431
1163,429
1163,430
1163,431
1164,486
1165,166
1165,167
1165,486
1166,486
1168,1106
1169,445
1169,486
1169,1214
1169,1215
1169,1221
1170,445
1170,486
1170,1214
1170,1215
1170,1221
1172,522
1172,644
1172,786
1172,845
1172,1054
1172,1128
1172,1129
1173,137
1173,277
1173,298
1174,257
1175,257
1176,550
1177,505
1177,506
1177,507
1177,809
1177,1134
1177,1135
1177,1288
1177,1289
1178,1059
1178,1060
1179,1059
1179,1060
1180,1059
1180,1060
1181,108
1181,110
1182,1059
1182,1060
1183,282
1183,1088
1183,1196
1183,1197
1183,1263
1183,1264
1184,1124
1184,1125
1185,1186
1185,1187
1185,1357
1185,1358
1185,1359
1186,1187
1186,1357
1186,1358
1186,1359
1187,1357
1187,1358
1187,1359
1191,655
1191,656
1191,657
1191,658
1191,659
1193,1192
1195,536
1195,537
1195,1198
1195,1199
1195,1201
1196,13
1196,123
1196,124
1196,211
1196,237
1196,238
1196,348
1196,349
1196,1085
1196,1154
1196,1195
1196,1197
1196,1198
1196,1200
1196,1217
1196,1218
1196,1275
1197,13
1197,123
1197,124
1197,211
1197,348
1197,349
1197,1085
1197,1154
1197,1195
1197,1198
1197,1200
1197,1217
1197,1218
1197,1275
1198,13
1198,211
1198,348
1198,349
1198,536
1198,537
1198,668
1198,1085
1198,1154
1198,1197
1198,1199
1198,1200
1198,1201
1198,1217
1198,1218
1198,1267
1198,1268
1198,1269
1198,1275
1199,536
1199,537
1199,1198
1199,1201
1200,1195
1200,1196
1200,1197
1200,1199
1200,1201
1200,1203
1200,1204
1200,1280
1200,1281
1201,536
1201,537
1201,1198
1203,1024
1203,1025
1203,1280
1203,1281
1204,1024
1204,1025
1204,1280
1204,1281
1206,585
1206,626
1206,627
1206,628
1206,1227
1206,1229
1206,1231
1206,1232
1206,1346
1207,585
1207,626
1207,627
1207,628
1207,1227
1207,1229
1207,1231
1207,1232
1207,1346
1208,585
1208,598
1208,599
1208,626
1208,627
1208,628
1208,669
1208,1227
1208,1229
1208,1231
1208,1232
1208,1346
1209,585
1209,626
1209,627
1209,628
1209,1227
1209,1229
1209,1231
1209,1232
1209,1346
1210,626
1210,627
1210,628
1210,1227
1210,1229
1210,1231
1210,1232
1210,1346
1211,626
1211,627
1211,628
1211,1227
1211,1229
1211,1231
1211,1232
1211,1346
1212,626
1212,627
1212,628
1212,1227
1212,1229
1212,1231
1212,1232
1212,1346
1213,417
1213,418
1214,486
1214,522
1214,644
1214,786
1214,845
1214,1076
1214,1078
1214,1128
1214,1129
1215,486
1215,522
1215,644
1215,786
1215,845
1215,1076
1215,1078
1215,1128
1215,1129
1216,218
1217,522
1217,644
1217,845
1218,522
1218,644
1218,845
1219,283
1219,459
1219,1245
1220,283
1220,459
1220,1219
1220,1245
1221,210
1221,328
1221,373
1221,397
1221,522
1221,620
1221,644
1221,782
1221,845
1221,910
1221,911
1221,912
1221,913
1221,914
1221,915
1221,916
1221,918
1221,919
1221,1030
1221,1031
1221,1054
1221,1169
1221,1170
1222,3
1222,4
1222,400
1222,513
1222,514
1222,515
1222,516
1222,1147
1222,1148
1223,371
1223,372
1223,427
1225,626
1225,627
1225,628
1225,1346
1226,626
1226,627
1226,628
1226,1346
1227,108
1227,110
1227,174
1227,175
1227,176
1227,215
1227,229
1227,286
1227,384
1227,385
1227,593
1227,597
1227,751
1227,792
1227,920
1227,1016
1227,1206
1227,1207
1227,1208
1227,1209
1227,1210
1227,1211
1227,1212
1227,1228
1227,1229
1227,1230
1227,1231
1227,1232
1227,1233
1228,108
1228,110
1228,174
1228,175
1228,176
1228,215
1228,229
1228,597
1228,751
1228,792
1228,920
1228,1206
1228,1207
1228,1208
1228,1209
1228,1210
1228,1211
1228,1212
1228,1229
1228,1230
1228,1231
1228,1232
1228,1233
1229,108
1229,110
1229,174
1229,175
1229,176
1229,215
1229,229
1229,246
1229,247
1229,384
1229,385
1229,429
1229,430
1229,431
1229,512
1229,593
1229,597
1229,643
1229,751
1229,792
1229,816
1229,920
1229,951
1229,996
1229,997
1229,998
1229,1001
1229,1002
1229,1016
1229,1206
1229,1207
1229,1208
1229,1209
1229,1210
1229,1211
1229,1212
1229,1230
1229,1231
1229,1232
1229,1233
1230,108
1230,110
1230,174
1230,175
1230,176
1230,215
1230,229
1230,597
1230,751
1230,792
1230,920
1230,1206
1230,1207
1230,1208
1230,1209
1230,1210
1230,1211
1230,1212
1230,1231
1230,1232
1230,1233
1231,108
1231,110
1231,174
1231,175
1231,176
1231,215
1231,229
1231,384
1231,385
1231,593
1231,597
1231,751
1231,792
1231,920
1231,1016
1231,1206
1231,1207
1231,1208
1231,1209
1231,1210
1231,1211
1231,1212
1231,1232
1231,1233
1232,108
1232,110
1232,174
1232,175
1232,176
1232,215
1232,229
1232,384
1232,385
1232,593
1232,597
1232,751
1232,792
1232,920
1232,1016
1232,1206
1232,1207
1232,1208
1232,1209
1232,1210
1232,1211
1232,1212
1232,1233
1233,108
1233,110
1233,174
1233,175
1233,176
1233,215
1233,229
1233,597
1233,751
1233,792
1233,920
1233,1206
1233,1207
1233,1208
1233,1209
1233,1210
1233,1211
1233,1212
1235,851
1235,852
1235,853
1236,851
1236,852
1236,853
1237,749
1237,1261
1238,134
1238,429
1238,430
1238,431
1238,996
1238,997
1238,998
1238,1001
1238,1002
1238,1242
1239,661
1239,662
1239,783
1239,784
1240,429
1240,430
1240,431
1242,996
1242,997
1242,998
1242,1001
1242,1002
1243,134
1243,996
1243,997
1243,998
1243,1001
1243,1002
1243,1238
1243,1242
1244,464
1244,465
1246,524
1246,525
1246,829
1246,833
1247,119
1247,131
1247,154
1247,190
1247,407
1247,446
1247,660
1247,665
1247,718
1247,908
1247,910
1247,911
1247,912
1247,914
1247,915
1247,916
1247,939
1247,940
1247,1033
1247,1354
1247,1355
1247,1356
1248,522
1248,644
1248,786
1248,845
1248,1128
1248,1129
1249,725
1249,1250
1249,1251
1250,227
1250,549
1250,551
1250,725
1250,1251
1250,1336
1251,227
1251,549
1251,551
1251,725
1252,460
1252,463
1252,468
1253,460
1253,463
1253,468
1254,102
1254,551
1254,1262
1255,709
1255,712
1256,709
1256,712
1257,709
1257,712
1258,1044
1258,1045
1258,1046
1258,1047
1258,1051
1260,1100
1260,1340
1260,1341
1261,550
1261,551
1261,594
1261,596
1261,819
1261,1091
1261,1092
1261,1333
1262,551
1263,54
1263,55
1263,277
1264,54
1264,55
1264,277
1265,460
1265,463
1265,468
1267,100
1267,101
1267,117
1267,118
1267,174
1267,175
1267,176
1267,630
1267,792
1267,824
1267,954
1267,1268
1267,1269
1267,1271
1268,100
1268,101
1268,117
1268,118
1268,174
1268,175
1268,176
1268,630
1268,792
1268,824
1268,954
1268,1271
1269,100
1269,101
1269,117
1269,118
1269,174
1269,175
1269,176
1269,630
1269,792
1269,824
1269,954
1269,1268
1269,1271
1270,42
1270,44
1270,45
1271,100
1271,101
1271,117
1271,118
1271,174
1271,175
1271,176
1271,792
1271,824
1272,665
1272,939
1272,1354
1272,1355
1272,1356
1273,1342
1275,792
1277,259
1277,381
1277,410
1277,411
1277,419
1277,420
1277,422
1277,546
1277,585
1277,641
1277,880
1278,1280
1278,1281
1279,1280
1279,1281
1280,311
1280,1196
1280,1197
1280,1281
1281,311
1281,970
1281,971
1281,972
1281,973
1281,1101
1281,1196
1281,1197
1282,1196
1282,1197
1283,1196
1283,1197
1285,601
1285,602
1285,603
1285,604
1285,605
1285,606
1285,607
1285,608
1285,609
1285,612
1285,613
1285,615
1285,616
1285,617
1285,618
1285,619
1285,698
1285,1030
1286,601
1286,602
1286,603
1286,604
1286,605
1286,606
1286,607
1286,608
1286,609
1286,612
1286,613
1286,615
1286,616
1286,617
1286,618
1286,619
1286,1030
1287,42
1287,44
1287,45
1288,14
1288,15
1288,81
1288,82
1288,277
1288,838
1288,839
1288,840
1288,948
1288,1289
1288,1373
1289,81
1289,82
1289,174
1289,277
1289,512
1289,792
1289,910
1289,911
1289,912
1289,914
1289,915
1289,916
1289,948
1289,1089
1289,1373
1290,1052
1290,1053
1290,1354
1290,1355
1291,594
1291,596
1291,1105
1291,1292
1291,1332
1291,1336
1292,1105
1292,1291
1292,1336
1294,589
1294,592
1294,793
1294,1323
1294,1336
1295,539
1296,668
1296,1087
1296,1267
1296,1268
1296,1269
1296,1297
1296,1298
1296,1299
1297,668
1297,1087
1297,1267
1297,1268
1297,1269
1297,1298
1297,1299
1298,668
1298,1087
1298,1267
1298,1268
1298,1269
1298,1299
1299,668
1299,1087
1299,1267
1299,1268
1299,1269
1300,604
1300,615
1301,604
1301,615
1302,1303
1303,793
1303,1052
1303,1294
1303,1323
1304,1291
1305,793
1305,819
1305,1052
1305,1092
1305,1291
1305,1292
1305,1294
1306,793
1307,1303
1308,793
1309,793
1310,793
1311,1200
1311,1317
1311,1318
1312,560
1312,562
1312,1106
1312,1336
1313,161
1314,161
1315,819
1315,1092
1315,1331
1315,1336
1316,1331
1316,1332
1317,104
1317,549
1317,846
1317,1105
1317,1329
1317,1331
1317,1335
1318,309
1318,593
1318,1331
1320,1316
1321,699
1322,601
1322,602
1322,603
1322,604
1322,605
1322,606
1322,607
1322,608
1322,609
1322,612
1322,613
1322,615
1322,616
1322,617
1322,618
1322,619
1322,1030
1324,27
1324,40
1324,105
1324,177
1324,178
1324,204
1324,215
1324,245
1324,314
1324,365
1324,398
1324,451
1324,452
1324,500
1324,548
1324,752
1324,907
1324,950
1324,959
1324,1027
1324,1090
1324,1130
1324,1131
1324,1154
1324,1156
1324,1157
1324,1158
1324,1171
1324,1173
1324,1181
1324,1234
1324,1285
1324,1313
1324,1314
1324,1327
1324,1328
1324,1341
1324,1387
1325,41
1328,106
1328,1324
1329,157
1329,395
1329,725
1329,1105
1329,1249
1329,1250
1329,1251
1329,1254
1329,1331
1329,1332
1331,117
1331,118
1331,131
1331,227
1331,370
1331,549
1331,551
1331,714
1331,718
1331,723
1331,725
1331,728
1331,732
1331,740
1331,743
1331,789
1331,910
1331,911
1331,912
1331,914
1331,915
1331,916
1331,1105
1331,1106
1331,1217
1331,1218
1331,1224
1331,1249
1331,1250
1331,1251
1331,1329
1331,1332
1331,1335
1331,1336
1332,131
1332,550
1332,560
1332,562
1332,718
1332,725
1332,1249
1332,1250
1332,1251
1332,1254
1332,1261
1332,1336
1333,427
1333,428
1333,560
1333,630
1333,631
1333,819
1333,1092
1333,1331
1333,1335
1333,1336
1334,1333
1335,117
1335,118
1335,370
1335,718
1335,725
1335,1105
1335,1106
1335,1224
1335,1249
1335,1250
1335,1251
1335,1329
1336,221
1336,427
1336,428
1336,549
1336,551
1336,595
1336,596
1336,630
1336,631
1336,714
1336,718
1336,725
1336,731
1336,732
1336,733
1336,734
1336,735
1336,736
1336,737
1336,738
1336,739
1336,740
1336,743
1336,819
1336,1092
1336,1105
1336,1106
1336,1249
1336,1250
1336,1251
1336,1388
1337,1102
1338,1106
1340,1100
1340,1341
1341,1100
1345,829
1345,1343
1345,1344
1346,910
1346,911
1346,912
1346,914
1346,915
1346,916
1346,1033
1346,1227
1346,1228
1346,1229
1346,1230
1346,1231
1346,1232
1346,1233
1350,1331
1350,1335
1350,1336
1351,429
1351,430
1351,431
1353,14
1353,15
1354,119
1354,210
1354,665
1354,1052
1354,1053
1354,1101
1354,1355
1355,119
1355,210
1355,665
1355,1052
1355,1053
1355,1101
1356,119
1356,210
1356,665
1356,1052
1356,1053
1356,1101
1356,1290
1356,1354
1356,1355
1357,1358
1357,1359
1358,1359
1360,259
1360,381
1360,410
1360,411
1360,419
1360,420
1360,422
1360,546
1360,585
1360,641
1360,880
1361,259
1361,381
1361,410
1361,411
1361,419
1361,420
1361,422
1361,546
1361,585
1361,641
1361,880
1362,512
1362,1088
1363,601
1363,602
1363,603
1363,604
1363,605
1363,606
1363,607
1363,608
1363,609
1363,612
1363,613
1363,615
1363,616
1363,617
1363,618
1363,619
1363,1030
1365,318
1365,841
1365,842
1366,318
1366,841
1366,842
1367,439
1367,440
1367,441
1367,442
1367,443
1367,692
1367,693
1368,439
1368,440
1368,441
1368,442
1368,443
1368,692
1368,693
1369,439
1369,440
1369,441
1369,442
1369,443
1369,692
1369,693
1370,439
1370,440
1370,441
1370,442
1370,443
1370,692
1370,693
1371,439
1371,440
1371,441
1371,442
1371,443
1371,692
1371,693
1372,439
1372,440
1372,441
1372,442
1372,443
1372,692
1372,693
1373,439
1373,440
1373,441
1373,442
1373,443
1373,692
1373,693
1374,439
1374,440
1374,441
1374,442
1374,443
1374,692
1374,693
1375,179
1375,180
1375,181
1375,182
1375,183
1375,184
1375,185
1375,186
1375,187
1375,188
1375,284
1375,290
1375,291
1375,292
1375,293
1375,294
1375,295
1376,179
1376,180
1376,181
1376,182
1376,183
1376,184
1376,185
1376,186
1376,187
1376,188
1376,284
1376,290
1376,291
1376,292
1376,293
1376,294
1376,295
1377,1106
1378,103
1378,265
1378,266
1378,430
1378,1379
1378,1380
1378,1381
1378,1383
1379,103
1379,265
1379,266
1379,430
1379,771
1379,1380
1379,1381
1379,1383
1380,103
1380,265
1380,266
1380,430
1380,1381
1380,1383
1381,103
1381,265
1381,266
1381,430
1381,1383
1382,103
1382,265
1382,266
1382,430
1382,1378
1382,1379
1382,1380
1382,1381
1382,1383
1383,103
1383,265
1383,266
1383,430
1384,192
1384,322
1384,660
1384,665
1384,733
1384,734
1384,735
1384,736
1385,1196
1385,1197
1386,1196
1386,1197
1389,439
1389,440
1389,441
1389,442
1389,443
