subject_node_idx,subject_number,subject_name
122,118,subject-118
123,124,subject-124
124,234,subject-234
125,236,subject-236
126,238,subject-238
127,239,subject-239
128,240,subject-240
129,242,subject-242
130,243,subject-243
131,249,subject-249
132,250,subject-250
133,251,subject-251
134,253,subject-253
135,255,subject-255
136,256,subject-256
137,258,subject-258
138,261,subject-261
139,262,subject-262
140,267,subject-267
141,268,subject-268
142,269,subject-269
143,270,subject-270
144,272,subject-272
145,280,subject-280
146,281,subject-281
147,282,subject-282
148,1014,subject-1014
149,1017,subject-1017
150,1020,subject-1020
151,1027,subject-1027
152,1079,subject-1079
153,1083,subject-1083
154,1084,subject-1084
155,1087,subject-1087
156,1129,subject-1129
157,1131,subject-1131
158,1132,subject-1132
159,1135,subject-1135
160,1138,subject-1138
161,1157,subject-1157
162,1167,subject-1167
163,1174,subject-1174
164,1176,subject-1176
165,1177,subject-1177
166,1178,subject-1178
167,1181,subject-1181
168,1182,subject-1182
169,1183,subject-1183
170,1268,subject-1268
171,1272,subject-1272
172,1274,subject-1274
173,1276,subject-1276
174,1277,subject-1277
175,1281,subject-1281
176,1282,subject-1282
177,1285,subject-1285
178,1287,subject-1287
179,1288,subject-1288
180,1289,subject-1289
181,1290,subject-1290
182,1297,subject-1297
183,1299,subject-1299
184,1303,subject-1303
185,1361,subject-1361
186,1362,subject-1362
187,1364,subject-1364
188,1365,subject-1365
189,1367,subject-1367
190,1369,subject-1369
191,1370,subject-1370
192,1371,subject-1371
193,1373,subject-1373
194,1375,subject-1375
195,1377,subject-1377
196,1378,subject-1378
197,1386,subject-1386
198,1387,subject-1387
199,1388,subject-1388
200,1389,subject-1389
201,1391,subject-1391
202,1393,subject-1393
203,1400,subject-1400
204,1404,subject-1404
205,1406,subject-1406
206,1410,subject-1410
207,1411,subject-1411
208,1412,subject-1412
209,1415,subject-1415
210,1423,subject-1423
211,1426,subject-1426
212,1429,subject-1429
213,1431,subject-1431
214,1433,subject-1433
215,1434,subject-1434
216,1448,subject-1448
217,1451,subject-1451
218,1452,subject-1452
219,1453,subject-1453
220,1469,subject-1469
221,1473,subject-1473
222,1474,subject-1474
223,1475,subject-1475
224,1476,subject-1476
225,1478,subject-1478
226,1480,subject-1480
227,1481,subject-1481
228,1485,subject-1485
229,1489,subject-1489
230,1491,subject-1491
231,1553,subject-1553
232,1554,subject-1554
233,1559,subject-1559
234,1566,subject-1566
235,1583,subject-1583
236,1587,subject-1587
237,1588,subject-1588
238,1593,subject-1593
239,1595,subject-1595
240,1596,subject-1596
241,1597,subject-1597
242,1598,subject-1598
243,1602,subject-1602
244,1685,subject-1685
245,1686,subject-1686
246,1692,subject-1692
247,1698,subject-1698
248,1699,subject-1699
249,1701,subject-1701
250,1718,subject-1718
251,1721,subject-1721
252,1722,subject-1722
253,1723,subject-1723
254,1724,subject-1724
255,1726,subject-1726
256,1796,subject-1796
257,1895,subject-1895
258,1897,subject-1897
259,1898,subject-1898
260,1900,subject-1900
261,1902,subject-1902
262,1904,subject-1904
263,1907,subject-1907
264,1908,subject-1908
265,1910,subject-1910
266,1915,subject-1915
267,1919,subject-1919
268,1922,subject-1922
269,1926,subject-1926
270,1943,subject-1943
271,1945,subject-1945
272,1946,subject-1946
273,1947,subject-1947
274,1948,subject-1948
275,1949,subject-1949
276,1950,subject-1950
277,1951,subject-1951
278,1957,subject-1957
279,1958,subject-1958
280,1966,subject-1966
281,1970,subject-1970
282,1971,subject-1971
283,1972,subject-1972
284,1975,subject-1975
285,1976,subject-1976
286,1977,subject-1977
287,1978,subject-1978
288,1981,subject-1981
289,2014,subject-2014
290,2015,subject-2015
291,2016,subject-2016
292,2024,subject-2024
293,2027,subject-2027
294,2028,subject-2028
295,2032,subject-2032
296,2034,subject-2034
297,2037,subject-2037
298,2199,subject-2199
299,2201,subject-2201
300,2208,subject-2208
301,2211,subject-2211
302,2218,subject-2218
303,2223,subject-2223
304,2271,subject-2271
305,2278,subject-2278
306,2280,subject-2280
307,2292,subject-2292
308,2294,subject-2294
309,2296,subject-2296
310,2297,subject-2297
311,2298,subject-2298
312,2299,subject-2299
313,2300,subject-2300
314,2301,subject-2301
315,2302,subject-2302
316,2304,subject-2304
317,2305,subject-2305
318,2306,subject-2306
319,2329,subject-2329
320,2332,subject-2332
321,2338,subject-2338
322,2339,subject-2339
323,2340,subject-2340
324,2342,subject-2342
325,2344,subject-2344
326,2345,subject-2345
327,2347,subject-2347
328,2348,subject-2348
329,2349,subject-2349
330,2356,subject-2356
331,2359,subject-2359
332,2360,subject-2360
333,2380,subject-2380
334,2386,subject-2386
335,2389,subject-2389
336,2390,subject-2390
337,2399,subject-2399
338,2406,subject-2406
339,2408,subject-2408
340,2409,subject-2409
341,2410,subject-2410
342,2413,subject-2413
343,2415,subject-2415
344,2449,subject-2449
345,2450,subject-2450
346,2453,subject-2453
347,2454,subject-2454
348,2455,subject-2455
349,2456,subject-2456
350,2458,subject-2458
351,2466,subject-2466
352,2473,subject-2473
353,2474,subject-2474
354,2475,subject-2475
355,2476,subject-2476
356,2477,subject-2477
357,2481,subject-2481
358,2486,subject-2486
359,2487,subject-2487
360,2511,subject-2511
361,2518,subject-2518
362,2529,subject-2529
363,2531,subject-2531
364,2573,subject-2573
365,2578,subject-2578
366,2579,subject-2579
367,2581,subject-2581
368,2584,subject-2584
369,2764,subject-2764
370,2766,subject-2766
371,2767,subject-2767
372,2771,subject-2771
373,2774,subject-2774
374,2777,subject-2777
375,2833,subject-2833
376,2834,subject-2834
377,2836,subject-2836
378,2838,subject-2838
379,2972,subject-2972
380,2981,subject-2981
381,2984,subject-2984
382,2996,subject-2996
383,3000,subject-3000
384,3012,subject-3012
385,3032,subject-3032
386,3088,subject-3088
387,3564,subject-3564
388,10001,subject-10001
389,10002,subject-10002
390,10003,subject-10003
391,10006,subject-10006
392,10010,subject-10010
393,10011,subject-10011
394,10018,subject-10018
395,10021,subject-10021
396,10022,subject-10022
397,10023,subject-10023
398,10024,subject-10024
399,10026,subject-10026
400,10027,subject-10027
401,10033,subject-10033
402,10034,subject-10034
403,10060,subject-10060
404,10126,subject-10126
405,10127,subject-10127
406,10129,subject-10129
407,10156,subject-10156
408,10163,subject-10163
409,10282,subject-10282
410,10287,subject-10287
411,10291,subject-10291
412,10292,subject-10292
413,10390,subject-10390
414,10391,subject-10391
415,10583,subject-10583
416,10584,subject-10584
417,10585,subject-10585
418,10587,subject-10587
419,10591,subject-10591
420,10592,subject-10592
421,10593,subject-10593
422,10596,subject-10596
423,10600,subject-10600
424,10905,subject-10905
425,10909,subject-10909
426,10911,subject-10911
427,10912,subject-10912
428,10919,subject-10919
429,10920,subject-10920
430,10921,subject-10921
431,10922,subject-10922
432,10927,subject-10927
433,10982,subject-10982
434,11073,subject-11073
435,11128,subject-11128
436,11132,subject-11132
437,11134,subject-11134
438,11139,subject-11139
439,11143,subject-11143
440,11151,subject-11151
441,11152,subject-11152
442,11153,subject-11153
443,11155,subject-11155
444,11213,subject-11213
445,11217,subject-11217
446,11218,subject-11218
447,11221,subject-11221
448,11222,subject-11222
449,11281,subject-11281
450,11282,subject-11282
451,11283,subject-11283
452,11284,subject-11284
453,11288,subject-11288
454,11291,subject-11291
455,11293,subject-11293
456,11299,subject-11299
457,11300,subject-11300
458,11755,subject-11755
459,11832,subject-11832
460,12124,subject-12124
461,12125,subject-12125
462,12127,subject-12127
463,12128,subject-12128
464,12630,subject-12630
465,12631,subject-12631
466,12632,subject-12632
467,12633,subject-12633
468,12634,subject-12634
469,12635,subject-12635
470,12636,subject-12636
471,12637,subject-12637
472,12638,subject-12638
473,12642,subject-12642
474,12643,subject-12643
475,12646,subject-12646
476,12680,subject-12680
477,12714,subject-12714
478,12725,subject-12725
479,12727,subject-12727
480,12739,subject-12739
481,12748,subject-12748
482,12749,subject-12749
483,12838,subject-12838
484,12840,subject-12840
485,12841,subject-12841
486,12843,subject-12843
487,12846,subject-12846
488,12857,subject-12857
489,12858,subject-12858
490,12859,subject-12859
491,12862,subject-12862
492,12863,subject-12863
493,12865,subject-12865
494,12919,subject-12919
495,12930,subject-12930
496,12931,subject-12931
497,12934,subject-12934
498,12952,subject-12952
499,12953,subject-12953
500,12958,subject-12958
501,13207,subject-13207
502,13208,subject-13208
503,13210,subject-13210
504,13213,subject-13213
505,13217,subject-13217
506,13384,subject-13384
507,13450,subject-13450
508,13454,subject-13454
509,13455,subject-13455
510,13456,subject-13456
511,13457,subject-13457
512,13458,subject-13458
513,13460,subject-13460
514,13461,subject-13461
515,13465,subject-13465
516,13466,subject-13466
517,13470,subject-13470
518,13472,subject-13472
519,13474,subject-13474
520,13475,subject-13475
521,13478,subject-13478
522,13563,subject-13563
523,13565,subject-13565
524,13566,subject-13566
525,13567,subject-13567
526,13568,subject-13568
527,13569,subject-13569
528,13570,subject-13570
529,13572,subject-13572
530,13573,subject-13573
531,13578,subject-13578
532,13684,subject-13684
533,13685,subject-13685
534,13690,subject-13690
535,13723,subject-13723
536,13724,subject-13724
537,13727,subject-13727
538,13728,subject-13728
539,13731,subject-13731
540,13739,subject-13739
541,13740,subject-13740
542,13744,subject-13744
543,13746,subject-13746
544,13747,subject-13747
545,13748,subject-13748
546,13755,subject-13755
547,13757,subject-13757
548,13759,subject-13759
549,13760,subject-13760
550,13761,subject-13761
551,13762,subject-13762
552,13764,subject-13764
553,13765,subject-13765
554,13768,subject-13768
555,13769,subject-13769
556,13776,subject-13776
557,13795,subject-13795
558,13800,subject-13800
559,13801,subject-13801
560,13802,subject-13802
561,13804,subject-13804
562,13806,subject-13806
563,13809,subject-13809
564,13811,subject-13811
565,13815,subject-13815
566,13822,subject-13822
567,13871,subject-13871
568,13898,subject-13898
569,13899,subject-13899
570,13900,subject-13900
571,13903,subject-13903
572,13908,subject-13908
573,13911,subject-13911
574,13912,subject-13912
575,13914,subject-13914
576,13917,subject-13917
577,13918,subject-13918
578,13921,subject-13921
579,13977,subject-13977
580,14044,subject-14044
581,14046,subject-14046
582,14047,subject-14047
583,14049,subject-14049
584,14050,subject-14050
585,14051,subject-14051
586,14053,subject-14053
587,14054,subject-14054
588,14055,subject-14055
589,14056,subject-14056
590,14057,subject-14057
591,14076,subject-14076
592,14182,subject-14182
593,14187,subject-14187
594,14190,subject-14190
595,14191,subject-14191
596,14196,subject-14196
597,14197,subject-14197
598,14198,subject-14198
599,14201,subject-14201
600,14203,subject-14203
601,14205,subject-14205
602,14206,subject-14206
603,14207,subject-14207
604,14209,subject-14209
605,14212,subject-14212
606,14213,subject-14213
607,14220,subject-14220
608,14226,subject-14226
609,14229,subject-14229
610,14230,subject-14230
611,14232,subject-14232
612,14308,subject-14308
613,14310,subject-14310
614,14311,subject-14311
615,14312,subject-14312
616,14313,subject-14313
617,14314,subject-14314
618,14317,subject-14317
619,14318,subject-14318
620,14325,subject-14325
621,14419,subject-14419
622,14420,subject-14420
623,14421,subject-14421
624,14422,subject-14422
625,14423,subject-14423
626,14430,subject-14430
627,14436,subject-14436
628,14439,subject-14439
629,14451,subject-14451
630,14455,subject-14455
631,14458,subject-14458
632,14459,subject-14459
633,14461,subject-14461
634,14462,subject-14462
635,14463,subject-14463
636,14465,subject-14465
637,14471,subject-14471
638,14473,subject-14473
639,14479,subject-14479
640,14481,subject-14481
641,14482,subject-14482
642,14484,subject-14484
643,14508,subject-14508
644,14521,subject-14521
645,14524,subject-14524
646,14526,subject-14526
647,14541,subject-14541
648,14547,subject-14547
649,14551,subject-14551
650,14556,subject-14556
651,14560,subject-14560
652,14563,subject-14563
653,14572,subject-14572
654,14574,subject-14574
655,14577,subject-14577
656,14578,subject-14578
657,14579,subject-14579
658,14582,subject-14582
659,14585,subject-14585
660,14586,subject-14586
661,14587,subject-14587
662,14597,subject-14597
663,14601,subject-14601
664,14606,subject-14606
665,14610,subject-14610
666,14623,subject-14623
667,14626,subject-14626
668,14629,subject-14629
669,14630,subject-14630
670,14632,subject-14632
671,14634,subject-14634
672,14639,subject-14639
673,14641,subject-14641
674,14644,subject-14644
675,14645,subject-14645
676,14652,subject-14652
677,14660,subject-14660
678,14661,subject-14661
679,14672,subject-14672
680,14678,subject-14678
681,14679,subject-14679
682,14681,subject-14681
683,14693,subject-14693
684,14700,subject-14700
685,14710,subject-14710
686,14727,subject-14727
687,14730,subject-14730
688,14733,subject-14733
689,14735,subject-14735
690,14738,subject-14738
691,14748,subject-14748
692,14772,subject-14772
693,14773,subject-14773
694,14775,subject-14775
695,14776,subject-14776
696,14777,subject-14777
697,14781,subject-14781
698,14782,subject-14782
699,14794,subject-14794
700,14795,subject-14795
701,14796,subject-14796
702,14801,subject-14801
703,14804,subject-14804
704,14814,subject-14814
705,14818,subject-14818
706,14821,subject-14821
707,14823,subject-14823
708,14827,subject-14827
709,14829,subject-14829
710,14832,subject-14832
711,14833,subject-14833
712,14837,subject-14837
713,14838,subject-14838
714,14840,subject-14840
715,14841,subject-14841
716,14846,subject-14846
717,14847,subject-14847
718,14849,subject-14849
719,14854,subject-14854
720,14855,subject-14855
721,14866,subject-14866
722,14867,subject-14867
723,14873,subject-14873
724,14874,subject-14874
725,14876,subject-14876
726,14883,subject-14883
727,14889,subject-14889
728,14890,subject-14890
729,14896,subject-14896
730,14900,subject-14900
731,14902,subject-14902
732,14907,subject-14907
733,14916,subject-14916
734,14918,subject-14918
735,14921,subject-14921
736,14928,subject-14928
737,14929,subject-14929
738,14930,subject-14930
739,14944,subject-14944
740,14945,subject-14945
741,14946,subject-14946
742,14954,subject-14954
743,14959,subject-14959
744,14968,subject-14968
745,14969,subject-14969
746,14970,subject-14970
747,14975,subject-14975
748,14976,subject-14976
749,14977,subject-14977
750,14978,subject-14978
751,14983,subject-14983
752,14985,subject-14985
753,14997,subject-14997
754,14999,subject-14999
755,15005,subject-15005
756,15009,subject-15009
757,15018,subject-15018
758,15021,subject-15021
759,15040,subject-15040
760,15042,subject-15042
761,15043,subject-15043
762,15066,subject-15066
763,15067,subject-15067
764,15071,subject-15071
765,15074,subject-15074
766,15075,subject-15075
767,15076,subject-15076
768,15190,subject-15190
769,15192,subject-15192
770,15198,subject-15198
771,20062,subject-20062
772,20063,subject-20063
773,20064,subject-20064
774,20095,subject-20095
775,20103,subject-20103
776,20141,subject-20141
777,20150,subject-20150
778,20155,subject-20155
779,20160,subject-20160
780,20162,subject-20162
781,20166,subject-20166
782,20168,subject-20168
783,20207,subject-20207
784,20217,subject-20217
785,20232,subject-20232
786,20237,subject-20237
787,20238,subject-20238
788,20239,subject-20239
789,20240,subject-20240
790,20244,subject-20244
791,20249,subject-20249
792,20253,subject-20253
793,20262,subject-20262
794,20275,subject-20275
795,20332,subject-20332
796,20333,subject-20333
797,20335,subject-20335
798,20336,subject-20336
799,20338,subject-20338
800,20346,subject-20346
801,20347,subject-20347
802,20558,subject-20558
803,20571,subject-20571
804,20612,subject-20612
805,20613,subject-20613
806,20614,subject-20614
807,20615,subject-20615
808,20616,subject-20616
809,20617,subject-20617
810,20620,subject-20620
811,20624,subject-20624
812,20629,subject-20629
813,20630,subject-20630
814,20631,subject-20631
815,20634,subject-20634
816,20653,subject-20653
817,20689,subject-20689
818,20692,subject-20692
819,20766,subject-20766
820,20767,subject-20767
821,20773,subject-20773
822,20774,subject-20774
823,20776,subject-20776
824,20780,subject-20780
825,20781,subject-20781
826,20786,subject-20786
827,20790,subject-20790
828,20819,subject-20819
829,20820,subject-20820
830,20832,subject-20832
831,20892,subject-20892
832,20893,subject-20893
833,20894,subject-20894
834,20895,subject-20895
835,20896,subject-20896
836,20899,subject-20899
837,20903,subject-20903
838,20910,subject-20910
839,20911,subject-20911
840,20912,subject-20912
841,20914,subject-20914
842,20916,subject-20916
843,20920,subject-20920
844,20935,subject-20935
845,20938,subject-20938
846,20939,subject-20939
847,21041,subject-21041
848,21044,subject-21044
849,21058,subject-21058
850,21059,subject-21059
851,21060,subject-21060
852,21065,subject-21065
853,21068,subject-21068
854,21070,subject-21070
855,21079,subject-21079
856,21095,subject-21095
857,21104,subject-21104
858,21105,subject-21105
859,21107,subject-21107
860,21137,subject-21137
861,21146,subject-21146
862,21147,subject-21147
863,21148,subject-21148
864,21150,subject-21150
865,21158,subject-21158
866,21381,subject-21381
867,21383,subject-21383
868,21390,subject-21390
869,21430,subject-21430
870,21435,subject-21435
871,21436,subject-21436
872,21449,subject-21449
873,21451,subject-21451
874,21453,subject-21453
875,21461,subject-21461
876,21648,subject-21648
877,21650,subject-21650
878,21651,subject-21651
879,21820,subject-21820
880,21821,subject-21821
881,21839,subject-21839
882,21841,subject-21841
883,21849,subject-21849
884,21866,subject-21866
885,21882,subject-21882
886,21898,subject-21898
887,21940,subject-21940
888,22020,subject-22020
889,22023,subject-22023
890,22038,subject-22038
891,22039,subject-22039
892,22041,subject-22041
893,22054,subject-22054
894,22056,subject-22056
895,22085,subject-22085
896,22168,subject-22168
897,22173,subject-22173
898,22183,subject-22183
899,22187,subject-22187
900,22293,subject-22293
901,25774,subject-25774
902,25776,subject-25776
903,25777,subject-25777
904,25784,subject-25784
905,26226,subject-26226
906,26243,subject-26243
907,26245,subject-26245
908,26259,subject-26259
909,26401,subject-26401
910,26449,subject-26449
911,26715,subject-26715
912,26720,subject-26720
913,26727,subject-26727
914,26748,subject-26748
915,26751,subject-26751
916,30149,subject-30149
917,30325,subject-30325
918,30326,subject-30326
919,30369,subject-30369
920,30572,subject-30572
921,30574,subject-30574
922,30862,subject-30862
923,30863,subject-30863
924,30865,subject-30865
925,30866,subject-30866
926,30901,subject-30901
927,30998,subject-30998
928,31001,subject-31001
929,31003,subject-31003
930,31004,subject-31004
931,31010,subject-31010
932,31011,subject-31011
933,31014,subject-31014
934,31015,subject-31015
